-- --------------------------------------------------------
-- Host:                         127.0.0.1
-- Server version:               10.4.24-MariaDB - mariadb.org binary distribution
-- Server OS:                    Win64
-- HeidiSQL Version:             12.0.0.6468
-- --------------------------------------------------------

/*!40101 SET @OLD_CHARACTER_SET_CLIENT=@@CHARACTER_SET_CLIENT */;
/*!40101 SET NAMES utf8 */;
/*!50503 SET NAMES utf8mb4 */;
/*!40103 SET @OLD_TIME_ZONE=@@TIME_ZONE */;
/*!40103 SET TIME_ZONE='+00:00' */;
/*!40014 SET @OLD_FOREIGN_KEY_CHECKS=@@FOREIGN_KEY_CHECKS, FOREIGN_KEY_CHECKS=0 */;
/*!40101 SET @OLD_SQL_MODE=@@SQL_MODE, SQL_MODE='NO_AUTO_VALUE_ON_ZERO' */;
/*!40111 SET @OLD_SQL_NOTES=@@SQL_NOTES, SQL_NOTES=0 */;

-- Dumping structure for table rdms_db.address
DROP TABLE IF EXISTS `address`;
CREATE TABLE IF NOT EXISTS `address` (
  `AddressID` int(11) NOT NULL AUTO_INCREMENT,
  `PrimaryAddress` varchar(50) NOT NULL,
  `SecondaryAddress` varchar(50) DEFAULT NULL,
  `ZipCode` varchar(50) NOT NULL DEFAULT '10010',
  `DistrictID` int(11) NOT NULL,
  `IdentificationID` varchar(50) NOT NULL,
  `UpdatedOn` datetime NOT NULL DEFAULT current_timestamp(),
  PRIMARY KEY (`AddressID`),
  KEY `FK_address_district` (`DistrictID`),
  CONSTRAINT `FK_address_district` FOREIGN KEY (`DistrictID`) REFERENCES `district` (`DistrictID`) ON UPDATE CASCADE
) ENGINE=InnoDB AUTO_INCREMENT=17 DEFAULT CHARSET=latin1;

-- Dumping data for table rdms_db.address: ~2 rows (approximately)
DELETE FROM `address`;
INSERT INTO `address` (`AddressID`, `PrimaryAddress`, `SecondaryAddress`, `ZipCode`, `DistrictID`, `IdentificationID`, `UpdatedOn`) VALUES
	(15, 'testhead', 'testhead', '10010', 49, 'TECH00000000011', '2021-05-26 20:48:53'),
	(16, 'testpupul', 'testpupul', '10010', 72, 'PUPL0000000005', '2021-05-26 21:00:36');

-- Dumping structure for table rdms_db.country
DROP TABLE IF EXISTS `country`;
CREATE TABLE IF NOT EXISTS `country` (
  `CountryID` int(11) NOT NULL AUTO_INCREMENT,
  `CountryName` varchar(50) NOT NULL,
  `ConuntryCode` char(5) NOT NULL,
  `IsActive` char(1) NOT NULL DEFAULT '0',
  PRIMARY KEY (`CountryID`),
  UNIQUE KEY `ConuntryCode` (`ConuntryCode`)
) ENGINE=InnoDB AUTO_INCREMENT=2 DEFAULT CHARSET=latin1;

-- Dumping data for table rdms_db.country: ~0 rows (approximately)
DELETE FROM `country`;
INSERT INTO `country` (`CountryID`, `CountryName`, `ConuntryCode`, `IsActive`) VALUES
	(1, 'Zambia ', '+260', '1');

-- Dumping structure for table rdms_db.debsdocument
DROP TABLE IF EXISTS `debsdocument`;
CREATE TABLE IF NOT EXISTS `debsdocument` (
  `DebsDocumentID` int(11) NOT NULL AUTO_INCREMENT,
  `DocumentName` varchar(50) NOT NULL,
  `Discription` varchar(50) DEFAULT NULL,
  `OldDocumentURL` varchar(1000) NOT NULL,
  `DocumentURL` blob NOT NULL,
  `Type` varchar(50) NOT NULL DEFAULT '',
  `UpdatedBy` varchar(50) NOT NULL,
  `UpdatedOn` datetime NOT NULL DEFAULT current_timestamp() ON UPDATE current_timestamp(),
  PRIMARY KEY (`DebsDocumentID`) USING BTREE
) ENGINE=InnoDB AUTO_INCREMENT=21 DEFAULT CHARSET=utf8mb4;

-- Dumping data for table rdms_db.debsdocument: ~2 rows (approximately)
DELETE FROM `debsdocument`;
INSERT INTO `debsdocument` (`DebsDocumentID`, `DocumentName`, `Discription`, `OldDocumentURL`, `DocumentURL`, `Type`, `UpdatedBy`, `UpdatedOn`) VALUES
	(11, 'Code Of Conduct', 'Code Of Conduct', '20131231103232738561744.pdf', _binary 0x255044462d312e340d25e2e3cfd30d0a33312030206f626a0d3c3c200d2f4c696e656172697a65642031200d2f4f203334200d2f48205b203135343120333533205d200d2f4c203339373632200d2f45203132363231200d2f4e2033200d2f54203339303234200d3e3e200d656e646f626a0d20202020202020202020202020202020202020202020202020202020202020202020202020202020202020202020202020202020202020202020787265660d3331203438200d30303030303030303136203030303030206e200d30303030303031333037203030303030206e200d30303030303031343837203030303030206e200d30303030303031383934203030303030206e200d30303030303032333237203030303030206e200d30303030303032343038203030303030206e200d30303030303032353433203030303030206e200d30303030303032363332203030303030206e200d30303030303032373438203030303030206e200d30303030303032383137203030303030206e200d30303030303032393234203030303030206e200d30303030303032393934203030303030206e200d30303030303033303633203030303030206e200d30303030303033323233203030303030206e200d30303030303033323933203030303030206e200d30303030303033333933203030303030206e200d30303030303033353037203030303030206e200d30303030303033353737203030303030206e200d30303030303033363932203030303030206e200d30303030303033373632203030303030206e200d30303030303033383332203030303030206e200d30303030303033393033203030303030206e200d30303030303033393934203030303030206e200d30303030303034303834203030303030206e200d30303030303034313534203030303030206e200d30303030303034323235203030303030206e200d30303030303034323738203030303030206e200d30303030303034333037203030303030206e200d30303030303034333335203030303030206e200d30303030303034343236203030303030206e200d30303030303034353230203030303030206e200d30303030303035383636203030303030206e200d30303030303035393336203030303030206e200d30303030303036393835203030303030206e200d30303030303037303830203030303030206e200d30303030303037313739203030303030206e200d30303030303037323030203030303030206e200d30303030303037323936203030303030206e200d30303030303037353032203030303030206e200d30303030303037363038203030303030206e200d30303030303038363431203030303030206e200d30303030303038373731203030303030206e200d30303030303038393031203030303030206e200d30303030303039303138203030303030206e200d30303030303039313438203030303030206e200d30303030303039323635203030303030206e200d30303030303031353431203030303030206e200d30303030303031383733203030303030206e200d747261696c65720d3c3c0d2f53697a652037390d2f496e666f20323920302052200d2f526f6f7420333220302052200d2f50726576203339303134200d2f49445b3c36346265326638636463306563343462306437353532326137333531316237303e3c31363263623239666330336666366533343335663637393130353133313835323e5d0d3e3e0d7374617274787265660d300d2525454f460d20202020200d33322030206f626a0d3c3c200d2f54797065202f436174616c6f67200d2f506167657320323820302052200d2f506167654d6f6465202f5573654f75746c696e6573200d2f4f70656e416374696f6e20333320302052200d2f566965776572507265666572656e636573203c3c202f43656e74657257696e646f772074727565203e3e200d2f4f75746c696e657320333520302052200d2f4d6574616461746120333020302052200d3e3e200d656e646f626a0d33332030206f626a0d3c3c200d2f53202f476f546f200d2f44205b20333420302052202f466974205d200d3e3e200d656e646f626a0d37372030206f626a0d3c3c202f5320313036202f5420323131202f4f20323537202f46696c746572202f466c6174654465636f6465202f4c656e67746820373820302052203e3e200d73747265616d0d0a4889626060606760606365606360e0baccc0cb8000bc0c205116068e090c0c6f3e30b0d6142b2124d9e62496ddab9d91daa72e9fd97a3bedd6c34d6ff4a7691c58b58aa16b55f1aa37c5396f8a8b572d78b56a7b71715a02583750133f0383db2d20ad0dc4866063441978240fd8b02bb8b07e30604d306466e86616f067bd60c8fac09059c08825c115483231703014b8b14cd56516616159e0c7c0e0cd3d21d4de2197ed420210ed1459cc2ab0cd2b20907b01c275a20c0c419b803433882354c9c005a498c032d20c0c7db5409a1188651874d52c80b4320303073b4417bb1f40800100681c379d0d656e6473747265616d0d656e646f626a0d37382030206f626a0d323333200d656e646f626a0d33342030206f626a0d3c3c200d2f54797065202f50616765200d2f506172656e7420323820302052200d2f5265736f7572636573203c3c202f436f6c6f725370616365203c3c202f43533020353820302052202f43533120353720302052202f43533220353620302052203e3e202f457874475374617465203c3c202f47533020363920302052202f47533120373320302052202f47533220363820302052202f47533320373520302052203e3e200d2f466f6e74203c3c202f54315f3020363020302052202f54315f3120353920302052202f54315f3220363520302052202f54315f3320363420302052202f54315f3420363720302052203e3e200d2f584f626a656374203c3c202f496d3020373620302052203e3e202f50726f63536574205b202f504446202f54657874202f496d61676543202f496d61676549205d203e3e200d2f436f6e74656e747320363320302052200d2f5468756d6220323120302052200d2f4d65646961426f78205b203020302036313220373932205d200d2f43726f70426f78205b203020302036313220373932205d200d2f526f746174652030200d3e3e200d656e646f626a0d33352030206f626a0d3c3c200d2f436f756e74203130200d2f54797065202f4f75746c696e6573200d2f466972737420333620302052200d2f4c61737420333720302052200d3e3e200d656e646f626a0d33362030206f626a0d3c3c200d2f5469746c652028444f574e4c4f4144494e47205044462046494c4553290d2f506172656e7420333520302052200d2f4120353120302052200d2f4e65787420343320302052200d2f466972737420353220302052200d2f4c61737420353320302052200d2f436f756e742032200d3e3e200d656e646f626a0d33372030206f626a0d3c3c200d2f5469746c6520285748592057452055534520504446290d2f5072657620333820302052200d2f506172656e7420333520302052200d2f4120333920302052200d3e3e200d656e646f626a0d33382030206f626a0d3c3c200d2f5469746c652028574845524520544f20474554204143524f42415420524541444552290d2f4e65787420333720302052200d2f5072657620343020302052200d2f506172656e7420333520302052200d2f4120343120302052200d3e3e200d656e646f626a0d33392030206f626a0d3c3c200d2f53202f476f546f200d2f44205b203820302052202f46697452202d32372036352036333920363035205d200d3e3e200d656e646f626a0d34302030206f626a0d3c3c200d2f5469746c6520285052494e54494e47205044462046494c4553290d2f4120343220302052200d2f4e65787420333820302052200d2f5072657620343320302052200d2f506172656e7420333520302052200d3e3e200d656e646f626a0d34312030206f626a0d3c3c200d2f53202f476f546f200d2f44205b203820302052202f46697452202d3237203235372036333920373937205d200d3e3e200d656e646f626a0d34322030206f626a0d3c3c200d2f53202f476f546f200d2f44205b203120302052202f46697452202d32372031372036333920353537205d200d3e3e200d656e646f626a0d34332030206f626a0d3c3c200d2f5469746c6520285553494e47205044462046494c4553204f4e2054484520494e5445524e455420290d2f4120343420302052200d2f4e65787420343020302052200d2f5072657620333620302052200d2f506172656e7420333520302052200d2f466972737420343520302052200d2f4c61737420343620302052200d2f436f756e742033200d3e3e200d656e646f626a0d34342030206f626a0d3c3c200d2f53202f476f546f200d2f44205b203120302052202f46697452202d3237203235372036333920373937205d200d3e3e200d656e646f626a0d34352030206f626a0d3c3c200d2f5469746c65202856696577696e67205044462046696c6573204f6e2d4c696e65290d2f4120353020302052200d2f506172656e7420343320302052200d2f4e65787420343820302052200d3e3e200d656e646f626a0d34362030206f626a0d3c3c200d2f5469746c652028446f776e6c6f6164696e67204c696d69746169746f6e73206f662074686520496e7465726e6574290d2f4120343720302052200d2f5072657620343820302052200d2f506172656e7420343320302052200d3e3e200d656e646f626a0d34372030206f626a0d3c3c200d2f53202f476f546f200d2f44205b203120302052202f46697452202d3237203134352036333920363835205d200d3e3e200d656e646f626a0d34382030206f626a0d3c3c200d2f5469746c65202856696577696e67205044462046696c6573204f66662d4c496e65290d2f4120343920302052200d2f4e65787420343620302052200d2f5072657620343520302052200d2f506172656e7420343320302052200d3e3e200d656e646f626a0d34392030206f626a0d3c3c200d2f53202f476f546f200d2f44205b203120302052202f46697452202d3237203235372036333920373937205d200d3e3e200d656e646f626a0d35302030206f626a0d3c3c200d2f53202f476f546f200d2f44205b203120302052202f46697452202d3237203235372036333920373937205d200d3e3e200d656e646f626a0d35312030206f626a0d3c3c200d2f53202f476f546f200d2f44205b20333420302052202f46697452202d3237203235372036333920373937205d200d3e3e200d656e646f626a0d35322030206f626a0d3c3c200d2f5469746c65202857696e646f7773203935205573657273290d2f4120353520302052200d2f506172656e7420333620302052200d2f4e65787420353320302052200d3e3e200d656e646f626a0d35332030206f626a0d3c3c200d2f5469746c6520284d6163696e746f7368205573657273290d2f5072657620353220302052200d2f506172656e7420333620302052200d2f4120353420302052200d3e3e200d656e646f626a0d35342030206f626a0d3c3c200d2f53202f476f546f200d2f44205b20333420302052202f46697452202d3237202d352036333920353335205d200d3e3e200d656e646f626a0d35352030206f626a0d3c3c200d2f53202f476f546f200d2f44205b20333420302052202f46697452202d3237203235372036333920373937205d200d3e3e200d656e646f626a0d35362030206f626a0d5b200d2f496e6465786564202f4465766963655247422032353520373020302052200d5d0d656e646f626a0d35372030206f626a0d2f44657669636547726179200d656e646f626a0d35382030206f626a0d2f446576696365524742200d656e646f626a0d35392030206f626a0d3c3c200d2f54797065202f466f6e74200d2f53756274797065202f5479706531200d2f42617365466f6e74202f53796d626f6c200d2f456e636f64696e6720363220302052200d3e3e200d656e646f626a0d36302030206f626a0d3c3c200d2f54797065202f466f6e74200d2f53756274797065202f5479706531200d2f42617365466f6e74202f48656c766574696361200d2f456e636f64696e6720363120302052200d3e3e200d656e646f626a0d36312030206f626a0d3c3c200d2f54797065202f456e636f64696e67200d2f446966666572656e636573205b2039202f7370616365203339202f71756f746573696e676c65203936202f677261766520313238202f416469657265736973202f4172696e67202f43636564696c6c61200d2f456163757465202f4e74696c6465202f4f6469657265736973202f556469657265736973202f616163757465202f616772617665202f6163697263756d666c6578200d2f616469657265736973202f6174696c6465202f6172696e67202f63636564696c6c61202f656163757465202f656772617665202f6563697263756d666c6578200d2f656469657265736973202f696163757465202f696772617665202f6963697263756d666c6578202f696469657265736973202f6e74696c6465202f6f6163757465200d2f6f6772617665202f6f63697263756d666c6578202f6f6469657265736973202f6f74696c6465202f756163757465202f756772617665202f7563697263756d666c6578200d2f756469657265736973202f646167676572202f64656772656520313634202f73656374696f6e202f62756c6c6574202f706172616772617068202f6765726d616e64626c73200d2f72656769737465726564202f636f70797269676874202f74726164656d61726b202f6163757465202f6469657265736973202f6e6f74657175616c202f4145200d2f4f736c617368202f696e66696e697479202f706c75736d696e7573202f6c657373657175616c202f67726561746572657175616c202f79656e202f6d75202f7061727469616c64696666200d2f73756d6d6174696f6e202f70726f64756374202f7069202f696e74656772616c202f6f726466656d696e696e65202f6f72646d617363756c696e65202f4f6d656761200d2f6165202f6f736c617368202f7175657374696f6e646f776e202f6578636c616d646f776e202f6c6f676963616c6e6f74202f7261646963616c202f666c6f72696e200d2f617070726f78657175616c202f44656c7461202f6775696c6c656d6f746c656674202f6775696c6c656d6f747269676874202f656c6c6970736973202f7370616365200d2f416772617665202f4174696c6465202f4f74696c6465202f4f45202f6f65202f656e64617368202f656d64617368202f71756f746564626c6c656674202f71756f746564626c7269676874200d2f71756f74656c656674202f71756f74657269676874202f646976696465202f6c6f7a656e6765202f796469657265736973202f596469657265736973202f6672616374696f6e200d2f63757272656e6379202f6775696c73696e676c6c656674202f6775696c73696e676c7269676874202f6669202f666c202f64616767657264626c202f706572696f6463656e7465726564200d2f71756f746573696e676c62617365202f71756f746564626c62617365202f70657274686f7573616e64202f4163697263756d666c6578202f4563697263756d666c6578200d2f416163757465202f456469657265736973202f456772617665202f496163757465202f4963697263756d666c6578202f496469657265736973202f496772617665200d2f4f6163757465202f4f63697263756d666c6578202f6170706c65202f4f6772617665202f556163757465202f5563697263756d666c6578202f556772617665200d323436202f63697263756d666c6578202f74696c6465202f6d6163726f6e202f6272657665202f646f74616363656e74202f72696e67202f636564696c6c61200d2f68756e676172756d6c617574202f6f676f6e656b202f6361726f6e205d200d3e3e200d656e646f626a0d36322030206f626a0d3c3c200d2f54797065202f456e636f64696e67200d2f446966666572656e636573205b20323430202f6170706c65205d200d3e3e200d656e646f626a0d36332030206f626a0d3c3c202f46696c746572202f466c6174654465636f6465202f4c656e67746820363620302052203e3e200d73747265616d0d0a48898455db72e23810fd02fd43571eb6602b28926c63fc980c24c5542eb3e0291e86a92d630ba3896db1b21c92bf9f968d4326b3d92d171717ed3ee7749f233830bc4c4e382820170b5924563dc94fbad04695d21a958251e4e266c920af891fd100422fc0f7800594091f46638f06e1188c245bece2da2d6e880f07e00ceef0ee07be3ec3b7ef0c32f89f064b6c9093ab985cc4fc6f061ce22df1c6f87c48c78180ee6b24202ec90086f10f2c7717d217d4f7d918468286110f21cec8b7c197e935ccefaf1fe00f18066c10cf96315ccf6f67c3eff1e716c8a1f00e858b96397ef07710b398b05e15475502c5b879786e1e818f42c63ca0a11f41490221dedc17a8879df48823d2a4439a001fff8ac4fa5d08cabd4904a388fa4c4c9c98c1f461757ffb70399ddfdf80d3e5742c511d5cc26a7605578b87d572b6e8ba74c2bc239cdfc1f920f887705e24108efb340a99d70d6f35e49381aa323de46c70a8210ae06b2d4ddd0eafc7f0df0f4f041f608c18653eb6c6f9513f987888864e102c6ad5c51a327da80a9d64607712b6aa90902923535bbcc0d6e8120ecaee54052b47a9a3d3d4aaca5db93230afac34955c130bb3e73d7a579a73f46dbeb390162a7d045db57c1c0d948a341832a06ce221a7291938d09db685aa1e21a9324860aff7a3660fa5ac1ac42e0a48f67b99180a4b5920ad96e6d932799210272697162e6b4ae99a9c758f282bcbb613d655f0a29be3381039fe930cda8e1b0949fd28b14683ca6465d5f6059133595b55610c91f3569bd34074d7a8d06952c02e3119646b6230ad14560ee5b550d5b06d0a9c9cc37470fd7065760e7a8fa5ca82ea1eb84c8dde241616127f368078b3e7749754b984bdd1b9494a0af36d0b7c48d6a4b28eed939207d7e3b8941e068b0c6c0cee479ad1a890db37d33f4e18dc88e9bff814932b701d203c3a09fcd684ef2cc4191501fa7824021a797860b8926b95374602a76f9df10577f7750f77ddeeec0e16ad133e392e3df42917de47b9e0741c4ef04cf139e51cab1cde5d92aacaea7a774cc31b21bf85c1f3ff2b0c63e7054e43277a14385ff661c049d5492921979534b86ad314b26ecd54a852d9d61935c86755dbd620274e8de384a642773c6118d061b86bf4536ad4067d966cb4330ba6adcf02ef0df97bfc70cdedce5a9f39979d1f97e988ec74d195961a3161d3588b3bc626e81068d0c9c529428776312748d1637689aa5f237536ed49dcba1c2281a9aa1fcf603db85bbec61afcf5d0b9b4c651148971695b932e6fe7a7c0a53bad91d72f9973743fca163d9ef4ff10cfef8c21f09f89e3092dfc10d2925ccc4b06534dfe223f0518008071fd570d656e6473747265616d0d656e646f626a0d36342030206f626a0d3c3c200d2f54797065202f466f6e74200d2f53756274797065202f5479706531200d2f42617365466f6e74202f54696d65732d426f6c64200d2f456e636f64696e6720363120302052200d3e3e200d656e646f626a0d36352030206f626a0d3c3c200d2f54797065202f466f6e74200d2f53756274797065202f5479706531200d2f42617365466f6e74202f48656c7665746963612d426f6c64200d2f456e636f64696e6720363120302052200d3e3e200d656e646f626a0d36362030206f626a0d393731200d656e646f626a0d36372030206f626a0d3c3c200d2f54797065202f466f6e74200d2f53756274797065202f5479706531200d2f42617365466f6e74202f54696d65732d526f6d616e200d2f456e636f64696e6720363120302052200d3e3e200d656e646f626a0d36382030206f626a0d3c3c200d2f54797065202f457874475374617465200d2f53412066616c7365200d2f4f502066616c7365200d2f6f702066616c7365200d2f4f504d2030200d2f424732202f44656661756c74200d2f55435232202f44656661756c74200d2f545232202f44656661756c74200d2f4854202f44656661756c74200d2f43412031200d2f63612031200d2f534d61736b202f4e6f6e65200d2f4149532066616c7365200d2f424d202f4e6f726d616c200d2f544b2074727565200d3e3e200d656e646f626a0d36392030206f626a0d3c3c200d2f54797065202f457874475374617465200d2f53412074727565200d2f4f502066616c7365200d2f4247202f4964656e74697479200d2f554352202f4964656e74697479200d2f485420373120302052200d3e3e200d656e646f626a0d37302030206f626a0d3c3c202f46696c746572202f415343494938354465636f6465202f4c656e67746820393537203e3e200d73747265616d0d0a7338572d2173334c30266e292a245b685a2a596b5e563e384a49664e6a5621212a24217a7a7a7a7a7338572c757272326c7072565a546b717470396571594c24600d713d73615b705c34465570406531507025376e4b6f434d53456f28293e406e614772386d64424e316d4873392c6d2d4621276c4b5b5b216c303745716b695f2d6c0d6b327467666a6c5052616a51233a5c696f3874556938454d4d68716d3548683b2d6f4267745e5a3d67593142386722472732665c22672d66404a4f28655e6034220d65433b737265275a526a642a552e636364306e5e634858565962666e3b53624b4a264e622f716349614e324843613263333e606c35703960354b55325f53582e2a0d5f382a6b255e56404f745e3a713a6f5d7444226a5d3d595c645d2235475f5c5b5d2f5a5c247269545b5e4e544f5b43213c4a5a456764405a2a434f3b59636b37360d592d2b713058665c5c2b584b2f44265769452875574d756870573248506b56505e3565563539725e55533d4b57547153305154562e704c543a56584753586c3d410d533d48283c53216f65375240304a31522461352c515e33722750612544725045562f6d502a286c684f483e51624f2c6f3c5d4e664224584e2f575e524d6933494d0d4d4d5b31484c6b706b424c504c533b4b6e502c344b3765662e4a714151294a55693924497429727349585a5d6e493d2d4569485b432a63483f736a5e48244652590d472738254f466068654a46453b4d45456351323f45482c723a452c545a35444a6a3f2f442f462a2a43686d672543322e4b74426b5f366f4250286a6741532346600d413754315b4071266e56403a3c53503f736d3e4b3f584026463f215560403e5b314b3b3e3f5933363d5d6e6d2f3d272646273c604e2e223c296367713b633f526c0d3b47673a673a662774613a4a585f5c3a2f2b4757394d412c513931716c4c386b3b4b44376e36273d37526667383737394f3336554f342d363a2a74283573525c230d353c6840723521442b6d345a6b686834242c4d6133423926593326606354324521484e32295233493163247044312c3a553e30656b4039304a3e28342f6853622e0d2f4d2f4d292f315735242e34485c6f2d6e24476a2d524c2f652c7061695f2c553d545a2c39653c552b5826214f2b3c56614a2b212949452a3f3f2e3f2a236f6b380d2941734431286034292b2844646926282937512127474d3570272c28756b2665505d66262e6642602568422d5b254c696a56244f5b3d4c2434372847236d5e65420d2336744a3c22705035372255227232217338572c2157694227213c3c2a227e3e0d656e6473747265616d0d656e646f626a0d37312030206f626a0d3c3c200d2f54797065202f48616c66746f6e65200d2f48616c66746f6e65547970652031200d2f48616c66746f6e654e616d65202844656661756c74290d2f4672657175656e6379203630200d2f416e676c65203435200d2f53706f7446756e6374696f6e202f526f756e64200d3e3e200d656e646f626a0d37322030206f626a0d3c3c200d2f54797065202f48616c66746f6e65200d2f48616c66746f6e65547970652031200d2f48616c66746f6e654e616d65202844656661756c74290d2f4672657175656e6379203630200d2f416e676c65203435200d2f53706f7446756e6374696f6e202f526f756e64200d3e3e200d656e646f626a0d37332030206f626a0d3c3c200d2f54797065202f457874475374617465200d2f53412074727565200d2f4f502066616c7365200d2f4247202f4964656e74697479200d2f554352202f4964656e74697479200d2f485420373220302052200d2f6f702066616c7365200d3e3e200d656e646f626a0d37342030206f626a0d3c3c200d2f54797065202f48616c66746f6e65200d2f48616c66746f6e65547970652031200d2f48616c66746f6e654e616d65202844656661756c74290d2f4672657175656e6379203630200d2f416e676c65203435200d2f53706f7446756e6374696f6e202f526f756e64200d3e3e200d656e646f626a0d37352030206f626a0d3c3c200d2f54797065202f457874475374617465200d2f53412074727565200d2f4f502066616c7365200d2f4247202f4964656e74697479200d2f554352202f4964656e74697479200d2f485420373420302052200d2f6f702066616c7365200d3e3e200d656e646f626a0d37362030206f626a0d3c3c202f54797065202f584f626a656374202f53756274797065202f496d616765202f4e616d65202f496d31202f576964746820333434202f48656967687420323234200d2f42697473506572436f6d706f6e656e742038202f436f6c6f72537061636520353620302052202f4c656e6774682032383032202f46696c746572202f466c6174654465636f6465203e3e200d73747265616d0d0a4889ec978ba2a32a0c45ebdcd1e9feff1fbe55202480800facd8ec533d08016119020c834aa552a9542a954aa552a9542a954aa552a9543deabdaa6ff7ac6f29d7367abf9194723da60fd7572ce57a5449ae7f94eb512d5c8318f047b91e96e1ba4c7dba29d7e3b25c3f40e9a65c4f10f7d785abf457bfebb29cb3b8df8954b192b3882b671aa1ad20db148a0de29edde2dbdf44a3e2fd952d92bf82e00aaeeedad8c3eddeeeabd0408adf9081188264f050d583c18d538e3de84d5d9385758bb8169bdbeaa19906aa4640d81248b774e11d246437deeb86856667ae7f66fdfdfc3989f8ca3a5ed3bffa77af35b0876b48e138571765d60c0bcd7aae7f0b5c698af897b969c362f03b6516575acc5d82e2ab6f2f51cd1750af125c2517fb421a806981422723177dcc3083fa5a0596b8fe774f81c13120426c9cabf0afb7c7f01ed847b4adb0cf99e5ca5e10858a1aae89e3ecf73581afc7dc1f43475bf557c636b40abf5392af7f41557c8ab98e37d4043e3cc1351af64a7c5de56a02573dd74d3b82a7708d035f896b210e24fc75671cf836c3942684e34a73956b4f642082b1076ae24072dd8ab03e8dab3f25bc690fc117a5e0bce5c7c53720035bb7e415eef765d4168dd0baf779f2d3683fd7f9a870254baea93880d354e385f5868eebdf55aea0db177421d75ab0756686ebe74c7057aeef3baa9a6b85bfda70b0dc315e141aaef4d753e5fc753dbe12d7e59fbde32217ee9aebec89a8e5bab82d46e59ad7872b3671a53ce59a1385e26d7140b91654e6ca162cb66e29d74a15cf5b5fd96a3d97ab0dbf50aefb54f4d7af48b9b691726d23e5da46cab58d946b1b3d99ab3d10a4cb8264c2102c8564fe6f725de315d9ad1cc2904829d7e35ce9d08b385bb9523858ee186d68804c8eccc23d72ae646e1a0b2d7f93ab6367d9d87c9e947669ae60ad8496bfcc75f1348c1c2633b17e8dd1fd9153872cd9dd5bfe3057ca4b70f5ceab5c9db6c581025730f4a9cf205a595bef1ece952d587c554a721dc922cf95af5bcfe43a3915cf5b55fba2b33561ea499eebcbe92857589d8674d184574f4a386e91eb57d46d1c2029d73652ae6da45cdb48b9b691726da3ecb9205354dc591dda793d986bee385453a25cb792cb97c2fd3b02f607b82e33de3aaf9ffd6065a600ecd173dd79107b30570111ec2ea89b5c0446fe43ec8c074fe6eae858878558aec85f3957f7e8b9ee0d06cfe74a8e275d0f1e9ef0574e1cfe51b90a72908e17c68104578c8c66f831c6eabdf283b9baf86a1d0f2c6be45ec98305247db7a8b9df0bb5609fcc75a32a26fc0bb56095eba2e8f805a48e641fae956095eb16cd5cebc02ad72d5ab8568155ae5b64b8d68055ae5b64b9568055ae5be4b896c12ad72d32ebd64745cb47709dae91d9bf5a672d983e82ebeb1a99f396055b307d04d7cb64d8eabad544558759e5ba5d356095eb76bd7e653f704329d73652ae6dd437d77f438eeb674394299a0b57cb0fab63aeff3e1a325c31ae83c3280acfe7db2fd77f355cd7a45c33aae44a331e3e3458ae2e07b006603636b11e4c7e942b8baf848d90baf84af9418257dc03f6c95c2d2086d0e2245418c97d3d5790531f58db9ecfd54500e17939aee29b8c3bc13e982b018d2fc9d5e1848c033169e56aa8816229b1e2eb165bc91c55301b1707e03ecf16be4fe6fa4d3d972be057a0ebd52fd77f46eaaf8da45cdb48b9b691726d23e5da46cab58d8ae782d5e228855d47aba41ecc950e5912a272ad53966bfa81e505f0952ba9c8750907362498d0e01ef8b518cd7fce04639056ae1ca825c7273d2cf3c05f61ff5c0658d5cd9efc64ae861016af73ecac5f8624476b445ca9126403ca95b8bac458f050fe147baa72654c1d5708ae6060454858e7aafecac102fe1fad5b7c0d0a0ae4ba15ac61caf590b092dea81fe60a2fe51aeb647f3d49cab58d946b1b29d73652ae6da45cdbe8115ca7dba95faeb4f7fc707ddd4e09ae3b40a7aa1cfc5ec5ea7097c6810d82723da0ccbbabbab51829d73497cd4581d18db9629e76f36db9e6fe9a79083f1d7dd2140a039bf6a5268f59fa6c5611ac515959541844df3ae20a87c10ec70cda6610a58181e106446e00c34fcd58bede7a906ff41fc15b0df48641d6ebcc5fc3610403e22e150e131c518c6a088ad9ab58e3082ac4f5fae46a671802a07c307e1272ae400a408eab0b341bb92e7ddb1a07e63873254bae498c3f9c79e0238fb926c015b8ca00d0962be8f6054d2eb425b8428c2011077cc578b2065c914c328a7c1ac45f8fad95be4f66ddcb73fd9626b7d2321fa5d5176c19e27b0479b191f3750bc24ad476767cbbc19a16c9f073462a725da2818909b88c7666ff0a76cfab6c53d3ca4e95b862b9e8ae5c2bd51d571e07323acb66affae3da874afb01ce75bc6ce3f560ae6effcad6adebf6084fe6ca05f1afbd9ecbd5ecf468b365b22ea2fa64aedf95726da3c99f633a257c7bae9d82bd2f57740d56b99e2c7b88eb806b57606d0043f15cb0523436ddcd4e18fa8db0c87205dd9245880af38f3fc315c8fb6b864bfaf4753657d848d517d7621ca0a3d63ce74d4c80f4629813983518ad9d73e743a7b3097cf3da19d78a384090dc1d9eb501298a02e39fe43ac70164f60339ae638aa2a77e0a57984e62e091b61fdd952beb62774c6795f6031c9e8b996c3fb012077022d72eb166ce05005f96c48ed53fc9b5ca07de781bb6976b9f582bcf5be99d553b4d9dd2f4dac035bf735a3f9dedd0af70bd5acab58d946b1b29d73652ae6da45cdbe8115ca7dbe9195c5fb7d333b8de50cab58d946b1b29d73652ae6da45cdb48b9b6d1a3b942261095cf2a5455ae755c912acf5656ae1119504ab9566a99c373a2c8d54c7637e56d9aa333e5e6d9dace75c9702d5694b89a5f7e14d9c78384aa339326ab5c1d2922ecfcd5a729bc4298816e2cb1992b3653da5ea3854ee06a0dadc34a92a0756d4f44982a9c7575488d54d97a912bd804cf7025fe3157f6857e8beb67b6ad7175d06ab9b2eb943880c1855833bde166f99ca0cb959b52783b9b41a1c1a56ca9ad2492740dc9c6605f28db48729d2d4b5c83758b16273271452ee43af662dda25f35d701f6e7573087c63b0538506f277fb28e1b3721a42435eabfd610b619b691f0646b72dff356086a85917528d070fd802106ebfe216c22e6273fca308494133d3a8f2b32e7ada3ca719d9d6940384c365a0762f033f518570a4a2b5c85faf257162aabb8062e7b886b5cdc3357c45ec27c117c78010ac81f330840c65cddda143506f739a336245e58dd96eb320ad3457b7187251f0e566ce7d7e17640ee0744a37e7731b89752c360e66c95e46d045c4977e51a4fae74ffef2ae5da467d709571a00795ceb11935da63cd8ab876a775ae79740da18ecab5959ecf758e05b0b739cba6979f7d1acf3f753d99ab01697e23c23bc227e52a94f7d798eb429bb8127be56ae5ce785bb9b24c10d0b671e028e3fafafee0bbad127b704f3bb85e1c072eddb7ba97d5bf34b0dcc035b16e11cf2bd62d5c79d25af7d7b53e6ce4bac2f91a75cd75ce4081ab3f735dcc1566862dd7101c62cd03d8a485b95182970e704f4181fd6fedcd9ba898f2fc4bad5da21f82ab69a8da5f2fd504faf0b1bfda2cce4d5a0f204c66f4109fc816842f00fb90bc54f825ef8b334975eebe5c8760d899f1019c86789200a95af8dfdf5936e434a1167db38918f524aef45fc2ace3ea66735c2c8129d78d5ca5b39ec675baa55c7c5d5623874c745d7285e09a8d03015b44bf4413f4d982ef1998d8d8e162c82d657a39c02ef4035b1ffc024e83e17e2776073454ba82fd00d876806d2778529a73884398f54d7108dbeb9df3f6ebdfdb5e3bb99e34bc6fbdf702d13cffcebbbff466954aa552a96ea2ff051800045c3dba0d656e6473747265616d0d656e646f626a0d312030206f626a0d3c3c200d2f54797065202f50616765200d2f506172656e7420323820302052200d2f5265736f7572636573203c3c202f436f6c6f725370616365203c3c202f43533020353820302052202f43533120353720302052203e3e202f457874475374617465203c3c202f47533020363920302052202f475331203520302052202f47533220363820302052202f475333203720302052203e3e200d2f466f6e74203c3c202f54315f3020363020302052202f54315f3120353920302052202f54315f3220363520302052202f54315f3320363420302052202f54315f3420363720302052203e3e200d2f50726f63536574205b202f504446202f54657874205d203e3e200d2f436f6e74656e7473203220302052200d2f5468756d6220323320302052200d2f4d65646961426f78205b203020302036313220373932205d200d2f43726f70426f78205b203020302036313220373932205d200d2f526f746174652030200d3e3e200d656e646f626a0d322030206f626a0d3c3c202f46696c746572202f466c6174654465636f6465202f4c656e677468203320302052203e3e200d73747265616d0d0a48898c57db72db4612fd02fcc3ac1eb2d29608e3421254edd3ae2ddb4ac996ca42928730b5350206e4c40006990148335fbfa71b178a724949c9a60062d0d7734eb74211e0c76ebc5068e1bdf9a24ad9ea9d7a6b4a6375a55aab3361b5f7e6c3432036ce9b5ff90b91c40b7c2e82851f4473315bc6fe22590aabbc0256c8dc970fde5cec4518884fb8fb1dff7f14bffe16885cfc85810718d878ff4dbd3769f8bf4084222dbc7889f7137fb988042ee344245791482bef5c5ca4bfe33cfd50fcfe3c8c566216f9c955988834f77e3dbf7ff75edc7c7e7f277e10178be03cbd7e48c5fb9bdbeb8bdfd21fd913b9097b3761c4a1e3d7fc998bebd40bc6b442a415211b2a484c0559cc91c9325efac9fc4a54de228a9edc9748283826140d9e56bda79558c4a79e82b119811face258cc567e142f234ae6fce3dd2f22bd133f3d5c0b4a8bd27810779f45faf11a39a6d75f3e5fa7bd8d3ead787036ef9dcdc562f582b359e0470b310b637f9e04715fb99f2fe2e45cabbdae37bd3b5d2a27eeead9adae15976ff4337f5e3ec4fba21f32bf17b858b2c7c49fc7683ca577d30aed44639cd38fa512ad1167b9d9d7a591f919475070047bdd6e752d0ea6b3e2a66e95ad552b1eadd93b6545e774bdf636a2dd2af19fdc3ce233b3e651b66c8062a110164b8a2180fbbec8e93beffc67a40a034dd96d66305f183b1a75beb829c89fd8ca9d12b29e6c8e8775ed5a59962abf14d9da2b75f6958a666a0e831c6f4d2b4a5d7f9d22987315d27f79e77b5d964276ada9c0ba0c560e02c66c2bc6dcc914d9a1ece13c17fc86db9a3dc7d43fb26eed211eb9c111279c816ffcd65c51ab647ef087460c5ed3adfa2e0bb69b6bd794f230991d8c9a82bfc94dd655aa6e27276b6f7233c6abf27fe32cec9243f2d5b98ed36ae557b4cfa99db21209a8ccd4b9a3364b51e9ba6bd56c96ab46d5f993e2fd8157757be0bcd79e6b94ca29166e3efabe37f6ebe407f66a95b5dad47e9feb8c046199707bd3a1824e541d9202306ab9d31bd9c220196facaee99a0034c0e709707a70fc13a9ae3db871fc4a8da6d2c1a9a7e1f7a81a20843751b60e955215e0940eb098caf9e927c812627a318ab537c4e0fa3342238cd3960e15eb9a06302e55d18acc801b76ecdd8edf672cd3ed31b2de601f9f131dca4c403e6977054450ba63a9fb57b252495b1e2e05b8424ffb6f5132b4dbf75f55a2e5e2658548a00bd1c25f8671f8aa1215c5df91a217252ff44352a038f4974cc7bc07c9a322cc97326305a2a271b33ba7260da232197807a3952f7ed9d257bb27f1156b8f2334351fa1e3526c40c363010bdc74565d12777283b3a5ae70e94ca5c8951584035b5014a62148f790d38e8fec895eba6aac041c593558af4a6937ea89528ece06648c620908f41d05e0f69a9c21d191bd47a9218ba4b5472d5d7b40cb488b2f501502979ddc8c4faebf655b599312350db45072f83de81f55ad0ae4c9904432f8a764b61d20eafa5750bde125021250caa114d221fc896cf172c4fdc0639cbfe42e0d7077c0262c175dcd92d097afced5373cb13b9da13eba3866ab21a0789e951d040c17e858ae5ac4a686d746013d013493ef88ea247c056cc96a09b445fe2a4ae63daedf998b30383faafc2d6160c87cc8827b76112eced1b7d7819ebcc2a80074a3a11bfa099449cce6f82a0aaec6a98ba2a358ae576d86e0502230daec74ceaac38c6094ba519c9dfe93cbcd6843f9f87d3c38f4a3849b47f7da32a6ddb17963ef48fc5baa324150cd2aa94bb19e0606ac72503572add4463e1e5ab5be60b999e09a6b0bcdc7d03d8c4c1c672ec68ca3c623c0c96f383a96a7dad65780820027e44024c64566aa465a8000cf2a591fc4c7f4d32d83696365b325acf6f95f4e8ef9bd136906cc0babfee8e00e69995acdb6b22cc8245db7f87a7b5250ba26af888e6dff83c99319a459f6138e4e0d27ac729886993a96379ad2dc9baecc29a7ca58c8b92e0a9d75657b42785e29f85cafe1dc710e61ab375b3461a7404972381147eed028494b9a7e36849e0f4e30177b8d3fecd0bc2947c1ea64531eefff6a534e5e51f298563a225710c63dacefbf6023bef9fce1b8293fa5ef77ec59bdb486f3bab862f6447e4ca36911f857e3cafa748d1a0411bdce64c3c5a11ed148e4594e6bce4e5aadb0cd8c0f487a0f0db033690f8f10e3da87cceaa6bd141fef3fdc4e7d0da209bee8d9fddbdb4b1668d381c240a6cc734dd8a0e5ca14ed1ef0f0c5dbad31d33271764f5e7ddf3f1bc63d9646555113c72498b8b4851e3973353aed9a1ea42dbc4b3bac4c00952ccd463c9a6f687687b8ccb09bbb0304bbc2b0a9c506b28f9d0fdb3145b3f610c9c3d6d23e8cb2bcd7edd930e4e8f6044e9384701b7913d5153e796de44132386b6443bb0dfa6179ded64610e13431f7acc198a4a588e875c6c3449e12f59936d0a4e09516e4af4cffb740cb04ac89ab2cce4f2c3cf2c8ce6927de69db7654ff121c4253794be76152c2aa0330d4334afc5f8001005de1a52a0d656e6473747265616d0d656e646f626a0d332030206f626a0d31383132200d656e646f626a0d342030206f626a0d3c3c200d2f54797065202f48616c66746f6e65200d2f48616c66746f6e65547970652031200d2f48616c66746f6e654e616d65202844656661756c74290d2f4672657175656e6379203630200d2f416e676c65203435200d2f53706f7446756e6374696f6e202f526f756e64200d3e3e200d656e646f626a0d352030206f626a0d3c3c200d2f54797065202f457874475374617465200d2f53412074727565200d2f4f502066616c7365200d2f4247202f4964656e74697479200d2f554352202f4964656e74697479200d2f4854203420302052200d2f6f702066616c7365200d3e3e200d656e646f626a0d362030206f626a0d3c3c200d2f54797065202f48616c66746f6e65200d2f48616c66746f6e65547970652031200d2f48616c66746f6e654e616d65202844656661756c74290d2f4672657175656e6379203630200d2f416e676c65203435200d2f53706f7446756e6374696f6e202f526f756e64200d3e3e200d656e646f626a0d372030206f626a0d3c3c200d2f54797065202f457874475374617465200d2f53412074727565200d2f4f502066616c7365200d2f4247202f4964656e74697479200d2f554352202f4964656e74697479200d2f4854203620302052200d2f6f702066616c7365200d3e3e200d656e646f626a0d382030206f626a0d3c3c200d2f54797065202f50616765200d2f506172656e7420323820302052200d2f5265736f7572636573203c3c202f436f6c6f725370616365203c3c202f4353353620353820302052202f4353353720353720302052202f4353353420353820302052202f4353353520353720302052202f4353353220353820302052200d2f4353353320353720302052202f4353353020353820302052202f4353353120353720302052202f4353343820353820302052202f4353343920353720302052200d2f4353343620353820302052202f4353343720353720302052202f4353343420353820302052202f4353343520353720302052202f4353343220353820302052200d2f4353343320353720302052202f4353343020353820302052202f4353343120353720302052202f4353333820353820302052202f4353333920353720302052200d2f4353333620353820302052202f4353333720353720302052202f4353333420353820302052202f4353333520353720302052202f4353333220353820302052200d2f4353333320353720302052202f4353333020353820302052202f4353333120353720302052202f4353323820353820302052202f4353323920353720302052200d2f4353323620353820302052202f4353323720353720302052202f4353323420353820302052202f4353323520353720302052202f4353323220353820302052200d2f4353323320353720302052202f4353323020353820302052202f4353323120353720302052202f4353313820353820302052202f4353313920353720302052200d2f4353313620353820302052202f4353313720353720302052202f4353313420353820302052202f4353313520353720302052202f4353313220353820302052200d2f4353313320353720302052202f4353313020353820302052202f4353313120353720302052202f43533820353820302052202f43533920353720302052202f43533620353820302052200d2f43533720353720302052202f43533420353820302052202f43533520353720302052202f43533220353820302052202f43533320353720302052202f43533020353820302052200d2f43533120353720302052203e3e200d2f457874475374617465203c3c202f475331313220363920302052202f475331313320313220302052202f475331313420363820302052202f475331313520313420302052203e3e200d2f466f6e74203c3c202f54315f31363220363020302052202f54315f31363320353920302052202f54315f31363420363520302052202f54315f31363520313520302052202f54315f31363620363720302052200d2f54315f31363720313820302052203e3e200d2f50726f63536574205b202f504446202f54657874205d203e3e200d2f436f6e74656e7473203920302052200d2f5468756d6220323520302052200d2f4d65646961426f78205b203020302036313220373932205d200d2f43726f70426f78205b203020302036313220373932205d200d2f526f746174652030200d3e3e200d656e646f626a0d392030206f626a0d3c3c202f46696c746572202f466c6174654465636f6465202f4c656e67746820313020302052203e3e200d73747265616d0d0a48899c57db72dbc811fd02fc43671fb6a89408e142dcf6cdb125595bbe6c49dc7252c6560a0487242c10c30506e4325f9fd333b850266da752b2c501d4d37dfaf4e99ea14b0e7eeab5e55241d6cda3283355ecc56b59cabad80a551739d5857573ffe4ba1ead1b6b96d801457e80df8113d88e37a369e8db4114522dac15fcb0c3c77b6b4607721d7a8fa72ff8ff2b7dfec3a125fdc0c1131cacad7fccad9bb9fb6f37f4c8a5f9caf2437888ec30f008cb38a428f168beb5267435ff821dfc831c1cdb09dc88a69e1d25f89c2fadcf93dfdedcd1c387bb8ff4335d05ce647efb34a7bb8777b7577fcc7fd5b14c20df04428e0c1f1fc957416ee75d6afc3bf26ddff75dcab796d3e7eb225f0f691aae02e62a987192416ccf80666b059e77f25cea5c7b8fd3172e4f189875c062631a930b52e330840f401ce0397d1dcdaec0ec9afab613fb3e4d5d448ea38429993c7d7c7f3b7ffbf0e15e6f7c116572f7f191ee1e6f6fff667cf6eec2afd9e104bf03628abace74255c9402f5e2b8f38d20ae463af94dd62a5b9482dec8bcdd8a4ad19dacb7994aaf20813fdba2160d65d4ec445e6425352aab96d3ac9495a06cb72b53abc82152595d93ac6957b6eb6951d10a6b8361ea9aa4e76facc951b6357d120b5ad4f2d0889a94a47d210e1ac8b28bded8c4d8165903b13772a50e592da800867d56941a686aad6a216855cb2d29d8be5aca85b810efb5ac77b2d6e88c53bd4d5ba79347e4f72aafe50299ea8747912d81292b4b802360ede15da71655d9be58674a5c13d2a75d5d8026467d1e7455944c183c370d3ba36df6056ce472bb6b5551adc151a6c0cf168976f1fbd04852f528f720561cd89e77661572603c1c6f8ace72218103cdff6e4d4cf2bd27484c238469ffea75b6536ddd65dc138ad8805616d573c3b64805491ae89b6c8fd2529123e24234c5b2a7b60b08885baef54f29b7737af513a1e08c5b89bf9476690f28798fa62771c348d3f3b0d2d42e25555299583f28480ff99a0a35ea20b55809a30e0c0d0f556ed3e238027e599bbc2cf267e694e1de0bf57501b04a7dcfdb28b5fbe5e6e67038d819bbb551829b5d2d9745b5147fdd64796ae96d3735b6354aecec8dda96d8e90f9907f179eaaf682b21e546ee3645a3b86dc492f6a26eb8b6720550c86e50fc2ecb9fb3b5a01c1a82dd4999530b3801678fd218c50c9bcee5a8a42c1bdd8f6c9803b16956d35f6259684db2647472fc00282c6dad069b1e0ce9a935b45fc6f300946c45cd23a13c227eb97c291266abcdd5496d4c078edba83779d1da6a53cb76bd01538de2b452cb24560b051370657f6ffceb11efcfbc1723be7ffeff477c8ce91a18eb0bd315a7a517c598aeb371aa7f7afbaf9379decdffc9c38519fffbd3ad669b4fc1a71fcd79cfff1e12b32bea0e1b88d08fb81c18ff11e440533fb1bd7efc9f42e9e24c563cee318151d0357aa3a8fae1bf90ad229edd6d235ea88320dcd14f1779b23d5e70ce63bf29146470bee11218843a37bc60477a1cb1be1b815e82aed8862508a937b26a7ed11cd9315f4172d202756d74079fc32818b709f848bd597016cfe11d17d1e559454b51e26e86a95dadf479c95d7c28d48636c57a83f77fb659592870596768f8bc312707b7b4b1e7c64b2d7b68d9a06bd9cf06cc14882723d31c110340942257b5ac8a5c379eee594c0776dd88acce377840d9f2e7f268eb4b951ec341d796a7aed18d47e2d6d2e70bf7618502fda77bae853e43a4e24cf469c5851fa38fc735ce0dfcc56cd22d6cee7236c88ac649048a3b3eec17f5d0f0f4ac9c8e5bfea7aa5c900273a4279cd035182a3060350318ba28c09ddac0bc6d78e2bd9dbf7f879bd0dbe34ed44aa416ceb1f759fd3c6d77c3818b285a396769bdcbaa758baaa65798952752c03fd6fca1c0397bd259fac41b24a1f5b26df30de122250fe01a0d27cb963d34df3ac53470dcbf1a2e19b7e538ad878337f906a5670ae87485765b1a34fa3cc9b63880a08122375743a06a4ba5fb7d05d177b71951ebcb0cae635a202c4209063335d51a70bec11833de1c716ef215289dfcfee1e19fd7f40952e67b976fbbd7949c577d82b7f1859aff4c1fe6d7a8568e1b996c36e9d5f7bf1edc5bfce5c78a317e670e8e8878662749a21fe2487fecad381ede258efe385a7ae1f28d46af7c98e94530bc0ab555b733a4c4d71f309b8defc2de2e1cb686bdb7700810f631235b9f1d8c83bfa61974aec3e3cbd34faee377b666a5f79ba5af4dfd3e8e5986c6128062fde43a6187d275a293b7c9609b8c0e92c16b32864afaf8ae338075f9fb4d8fd69d8d68dd70b01eb2354bedd71d5831cbd0588eb8dca447eb39e35bcfeb6df5ca38d04bed55afdcf1a58e8f9bda80d60b46b45e04b46ef77ec8cd1b13f60616bc911aafe7ebc9faaf000300b4583b940d656e6473747265616d0d656e646f626a0d31302030206f626a0d31373338200d656e646f626a0d31312030206f626a0d3c3c200d2f54797065202f48616c66746f6e65200d2f48616c66746f6e65547970652031200d2f48616c66746f6e654e616d65202844656661756c74290d2f4672657175656e6379203630200d2f416e676c65203435200d2f53706f7446756e6374696f6e202f526f756e64200d3e3e200d656e646f626a0d31322030206f626a0d3c3c200d2f54797065202f457874475374617465200d2f53412074727565200d2f4f502066616c7365200d2f4247202f4964656e74697479200d2f554352202f4964656e74697479200d2f485420313120302052200d2f6f702066616c7365200d3e3e200d656e646f626a0d31332030206f626a0d3c3c200d2f54797065202f48616c66746f6e65200d2f48616c66746f6e65547970652031200d2f48616c66746f6e654e616d65202844656661756c74290d2f4672657175656e6379203630200d2f416e676c65203435200d2f53706f7446756e6374696f6e202f526f756e64200d3e3e200d656e646f626a0d31342030206f626a0d3c3c200d2f54797065202f457874475374617465200d2f53412074727565200d2f4f502066616c7365200d2f4247202f4964656e74697479200d2f554352202f4964656e74697479200d2f485420313320302052200d2f6f702066616c7365200d3e3e200d656e646f626a0d31352030206f626a0d3c3c200d2f54797065202f466f6e74200d2f42617365466f6e74202f417269616c2d426f6c644d54200d2f53756274797065202f5479706531200d2f456e636f64696e6720313620302052200d2f466f6e7444657363726970746f7220313720302052200d2f576964746873205b2032373820323738203237382032373820323738203237382032373820323738203237382032373820323738203237382032373820323738203237382032373820323738200d323738203237382032373820323738203237382032373820323738203237382032373820323738203237382032373820323738203237382032373820323738200d333333203437342035353620353536203838392037323220323338203333332033333320333839203538342032373820333333203237382032373820353536200d353536203535362035353620353536203535362035353620353536203535362035353620333333203333332035383420353834203538342036313120393735200d373232203732322037323220373232203636372036313120373738203732322032373820353536203732322036313120383333203732322037373820363637200d373738203732322036363720363131203732322036363720393434203636372036363720363131203333332032373820333333203538342035353620333333200d353536203631312035353620363131203535362033333320363131203631312032373820323738203535362032373820383839203631312036313120363131200d363131203338392035353620333333203631312035353620373738203535362035353620353030203338392032383020333839203538342032373820373232200d373232203732322036363720373232203737382037323220353536203535362035353620353536203535362035353620353536203535362035353620353536200d353536203237382032373820323738203237382036313120363131203631312036313120363131203631312036313120363131203631312036313120353536200d3430302035353620353536203535362033353020353536203631312037333720373337203130303020333333203333332032373820313030302037373820323738200d353834203237382032373820353536203631312032373820323738203237382032373820323738203337302033363520323738203838392036313120363131200d3333332035383420323738203535362032373820323738203535362035353620313030302032373820373232203732322037373820313030302039343420353536200d31303030203530302035303020323738203237382035383420323738203535362036363720313637203535362033333320333333203631312036313120353536200d32373820323738203530302031303030203732322036363720373232203636372036363720323738203237382032373820323738203737382037373820323738200d3737382037323220373232203732322032373820333333203333332033333320333333203333332033333320333333203333332033333320333333205d200d2f4669727374436861722030200d2f4c6173744368617220323535200d3e3e200d656e646f626a0d31362030206f626a0d3c3c200d2f54797065202f456e636f64696e67200d2f42617365456e636f64696e67202f4d6163526f6d616e456e636f64696e67200d2f446966666572656e636573205b20323139202f4575726f205d200d3e3e200d656e646f626a0d31372030206f626a0d3c3c200d2f54797065202f466f6e7444657363726970746f72200d2f417363656e7420393339200d2f43617048656967687420373136200d2f44657363656e74202d323530200d2f466c616773203332200d2f466f6e7442426f78205b202d313637202d323530203130303620393339205d200d2f466f6e744e616d65202f417269616c2d426f6c644d54200d2f4974616c6963416e676c652030200d2f5374656d5620313434200d2f5848656967687420353138200d3e3e200d656e646f626a0d31382030206f626a0d3c3c200d2f54797065202f466f6e74200d2f42617365466f6e74202f54696d65734e6577526f6d616e50534d54200d2f53756274797065202f5479706531200d2f456e636f64696e6720313920302052200d2f466f6e7444657363726970746f7220323020302052200d2f576964746873205b2032353020323530203235302032353020323530203235302032353020323530203235302032353020323530203235302032353020323530203235302032353020323530200d323530203235302032353020323530203235302032353020323530203235302032353020323530203235302032353020323530203235302032353020323530200d333333203430382035303020353030203833332037373820313830203333332033333320353030203536342032353020333333203235302032373820353030200d353030203530302035303020353030203530302035303020353030203530302035303020323738203237382035363420353634203536342034343420393231200d373232203636372036363720373232203631312035353620373232203732322033333320333839203732322036313120383839203732322037323220353536200d373232203636372035353620363131203732322037323220393434203732322037323220363131203333332032373820333333203436392035303020333333200d343434203530302034343420353030203434342033333320353030203530302032373820323738203530302032373820373738203530302035303020353030200d353030203333332033383920323738203530302035303020373232203530302035303020343434203438302032303020343830203534312032353020373232200d373232203636372036313120373232203732322037323220343434203434342034343420343434203434342034343420343434203434342034343420343434200d343434203237382032373820323738203237382035303020353030203530302035303020353030203530302035303020353030203530302035303020353030200d343030203530302035303020353030203335302034353320353030203736302037363020393830203333332033333320323530203838392037323220323530200d353634203235302032353020353030203530302032353020323530203235302032353020323530203237362033313020323530203636372035303020343434200d33333320353634203235302035303020323530203235302035303020353030203130303020323530203732322037323220373232203838392037323220353030200d31303030203434342034343420333333203333332035363420323530203530302037323220313637203530302033333320333333203535362035353620353030200d32353020333333203434342031303030203732322036313120373232203631312036313120333333203333332033333320333333203732322037323220323530200d3732322037323220373232203732322032373820333333203333332033333320333333203333332033333320333333203333332033333320333333205d200d2f4669727374436861722030200d2f4c6173744368617220323535200d3e3e200d656e646f626a0d31392030206f626a0d3c3c200d2f54797065202f456e636f64696e67200d2f42617365456e636f64696e67202f4d6163526f6d616e456e636f64696e67200d2f446966666572656e636573205b20323139202f4575726f205d200d3e3e200d656e646f626a0d32302030206f626a0d3c3c200d2f54797065202f466f6e7444657363726970746f72200d2f417363656e7420383738200d2f43617048656967687420363632200d2f44657363656e74202d323530200d2f466c616773203334200d2f466f6e7442426f78205b202d313637202d323530203130303920383738205d200d2f466f6e744e616d65202f54696d65734e6577526f6d616e50534d54200d2f4974616c6963416e676c652030200d2f5374656d56203936200d2f5848656967687420343437200d3e3e200d656e646f626a0d32312030206f626a0d3c3c202f46696c746572205b202f415343494938354465636f6465202f4443544465636f6465205d202f5769647468203736202f486569676874203939202f436f6c6f72537061636520323720302052200d2f42697473506572436f6d706f6e656e742038202f4c656e67746820323220302052203e3e200d73747265616d0d0a733449413e21224d3b2a44646d3858413a4f585b2121332c53212f283d5622395c693222396f233522706b4a3b22706b56422270503e3f246a6d3d4b24343731500d246b2a4f51246b2a5854254c73215a254c60735f27474d2f6d2942274d34294242683d2a3f3f2e402a3f3f2e242270594141244f64675e2569362974264a512a270d2a3f3f2e402a3f3f2e402a3f3f2e402a3f3f2e402a3f3f2e402a3f3f2e402a3f3f2e402a3f3f2e402a3f3f2e402a3f3f2e402a3f3f2e402a3f3f2e4073316555480d2351533f373945503b2d212133603521746253365f755a53342121213629213c4533257a7a2239656c2f2270225d2f23524c6847213c3c30262173264527213c4530230d7a21212a2724217341633323372856432450333a3e213c57452a22394a63342173415a3021636e4144217462593922582b4c3535754068224033545d42274a6266450d23384f4c312c4a643a2a69413236596e3045252b6e4b674f5a3b6a2a6c5c40726f4c45366d6e316e5a5369562141393e603b6957706c60236d714c654b546e6e700d55704f314f3c404164566a3743343d6a5264232b4b70414c42605258294341702f6f705652464c716b345560283d286360345160253d3566423b6c66383642504d0d4c6d592d4e614f6f5f4f2e36307426426d475127574f5e2e286c316c6569386d3574554d4f4c51566231632e572648446b36213c4e3f2c2255227535223a2c29330d44236a563c2648602e5a2668755a553b256d405e23272333563138317542275a2632552c3d332c4340574c75702c57256c3f283656544255313a4c472342533c4e0d695e4144383c3049526f243561582d3246534e3341393a67316e7457502f2d6e33582a6f375740285b29434a546f4f5730215129316e2d656048486e3c623f4e300d5144562b3166266c5a723d286360345160253d3566423b6c66383642504d4c6d592d4e614f6f5f4f334421406648263772675c5d4e4f6871276e45743e262641400d525d3c7341673f5350376823495158244e4a665b246a2d4d312159474d4821275e4a56232c533c607149506e58673558246f513e6c42654443265c485d553132210d4f2c475c30292c2a472431605070756e6e2b38443331333e2e222e736d3072723d51266f29264560295c3b64393a5b3d366f43445a53705b2f4e3e4272724222590d72723e597372723d51266f29264560295c3b64393a5b3d29285a25225f646e636c6c2d376a6e2e326e2b672b39516625486966524d3d39497040495c4d7474323d0d4f3e5b253c6c385f2957515b6430247234603132574a383d694f715b5d50713564724b246947525a72723e703c72666b256f3c6158745f7243662a6b6f54355d730d2b3365396f452a715a384a2c3531246f564c49395a4d736e585e5a6f37337272416a4a726a5f7243285c3c3759212448285721375a253d562856634a51275f3b700d72723e742c4c5d264a476f75485a2b5e52512c39222832262650506c7122426a506f5053756d2f656f5a5e5e6e6f2721265d223e5b24673c552b362e436e2a3c410d4f663440374e4d7533473f336b513461234854254d474133543e356e5526642d634353283361747051433e6523555f36703b354c6b21472669372d746c345264310d2372445e6f4b7324376c412d5c49582a683168665966474922562873382d604f58574c267127395451296338352d5e3f3d3f2c40706e2955462e4b2626323226620d3849575a21433352734e363d3772242d654b6646602c3b736f5a69385438326759716f636e335f52442c4e40473f5b355d4742635e61465030514b274a4f5e47590d5674356f48582b45246c3d3c455d496c454d236465334641436a754e413a5e3d3d492643515d4e6e5e3026245468425065233d5c2c505a5c52736d6b65355a635c0d32355c7068467268583c5258527527532570595f5f695f21656d6425573a70576f533b6b5c583a293e6535326d70582c462247625d5469453e552a283b756971330d245050655d5165723b565853506037594f626c2b404c6457622172693747635b55363b5c743a39314e3d543355684466243965612d4c2e5a4830492b61472467720d3c30535861486f6f73233f6f47663f622e612931422b382f5a2c23334128466d432b5a5d5865213271355444723c2c70325a2f2945633e5024262d674b5339585a0d6663726f672e48372e58323c6f2f4d3944504c48656f62294c5f60533374354a2e6658616e4d4175316e49593b3e3d637370394167594e36225f6b6a54226c75330d385d2a64545439485241426b5d6a337045303656726a53534d366875343c5a324443704865675546656342572c25277235464269352a3e2d3b5a4c2c67223e40400d66605a2d5e35316f313f41432931314530392e3f5f45626922634237577573335e4b3c573b236948704346305867405c3a33454226225749625d54625374473b2a0d6969475e2f3f642e4a544c234342524f5a73623f5b3473274e5247386c5057567521235727322d6f60455231646f2f3d3e6d592a322d36405f2f324e2a73346e300d6f36602e395b656a4f3455742555236f6f23445c665236746a71422d3e612a355b23616d33322c233a536d3d70594f2d3e733b69374f703e4f723a222758754e720d6d706c343f6d6525356143343044315c2f755f4e6e5a4c5c604d52453a626f2b5e2a21495d6f5624536a5970284936432d4625394d2b2f492f70305f3e514672370d3a2b4474713f643036242273225e316f61603b326c3e333159652f6a4c3168623e6829686f6b6c22522b5a2a4f212263746229754c645a294c4f4b482e373b464c0d524d3e353d4b2c2532424f5e7060422353223950562c2c4d56215c6d5e2d583867573f68527135674d675775434156605722573e4b69385a4c4b6451697321725d0d5d276e5538595e213f6e5055742168572d717529456b702c67336b714c366b2d562f226e3d563c72273259483d3a682448593f5e574b665c4c332d575f574035680d626e536375535d466f4169235533584a6a3d69356f4c5d3c46562b6a5d37517037352a255a255d392f426c376468525a50616b2170405b6b6573585e3d2c4562650d45453e5a6e713a483b553071244f61496e5c5759255244232772693f6d332c696b60385b365f63343a2630512c355d593a6057745c2b755c69634f3e594d243c6d0d5a255853224e426726312a2a2674263064686a28266b74272b434249666c612143347236723b2a4051482e744141292959736d3e40733a353e7061404342646c440d4c2c474d22405a413c64364122214369485d65726575446464414e246b4f66245231344071634e5c55455031645e602164233e416e486b5b4f5338365e5d3264550d255c6d56684362403a564a403f2c7441404561325f4d355d41325a45632e40222551472f41494f364c49582f3c61612a65684462365f2d22263b714133483359520d4b323128213d2a4e62313e3f65593e6b42596e4f2c3759754e623e6a5d602f6a73657140437034486869624d6a3c4b4768392e5f37624a3a2f2b44465e713f69740d36456f2f2e6b5356406a656c3932296440352260675b306c6d557361585a4f24275d33525e2c49452f24295635433a3025484a722a692f57586372532b305e365d0d27695d5443616a4557444937493b23314d6a5a5329504a3f35573b41435e6c4c332f6b6571396a50575b3f315c6e74226d643b27683522445b4d6866563e432a250d6d52563349552f5e54646c39312e574d5d502e535c7455442763445a614b3c3e572c5045602a38322d4a537245335866234d69695e372d7334245e3a2e5d2540540d4939283856717346705865732c386a5d293150393c504b6636214825216f3b624e406b575d37586d426a3932525f235d3f3f35552f495c696d6462554f5e465e370d6521214c643e4b3e34666f4140293a3b3a35414f3e4a345f6a39675f5850296344345b6e4d735c33612a523823436a61395157224e73425b3e62694e472b2a23480d58266a45264c3a6f3e745f32393d335162582d5f526a62255b58704526696448723a594a5b676844574d4c2d2661365f6b543223233a3c724445527027594343220d6857655d417154362354504f5c4b6a5c4b466c4457586036304735603f6360736d3e676e26753c6e553d3470643d75426b3657545a6833315b6f656e4d3c3b45260d3661395f6d6562295a656528392f4b3e633067353b424145353945713b5032363653572f3d634c5c6229232f5a3b374a283b5d2d22432f705a316c432c4d5b72280d526975492b245e67215f356368376128605c484f41335e544b645f365f336a214c6b6a6161406c4c60224474223b645c5f5d2936565033252d234423214c2763670d3c3b526e213d3f5f3864482b302b6066573526276f68492146392836533c56556170395661264f2b33503a396f455e5f2548584f68584334336f4532502322563f0d5d6c6a543f334b497039536b5e4075704536566a393022382e6f652375566044716230265b616f25365671663c6146283d2e22342723744a49372830265e29466e0d43294b5945584756385049414c5c2a42227145705336382e305e6b51642f35384e2853462128524a647061443b4b5b60726066366b41456427714a57215b6246230d3551547274312942354d5c543d725371752d27403b5d4267484b694a466a2a3d46544372723c323f50464a282c355c694c34313f3a4d334a2c652d6e2a5556736a0d512836486d4558364e2164413c46386b5f4f686c606821303e5744453c2c6238326c575f6c3a5d55502f2250506c3c295245655541314827654e24672d51585b740d4f48654c464633406c743d602f2921393a4c565d5d676d66532a7122374c2e2541615f62392f23602e605d612b575c243e6356542f74262f242240322e25485c440d53655c38297256312c556a35702f3e41366b676c584b3f282c26705b612f6d33394562452751393865354575406346485c443137703c642a75273c6354314a57370d50646b4370475e4e2e282d47342745505c372a5b493227693d2e2173465d556e316f253b5e6c45525232486c66373b715b37444827652d35312f5d3d566f2233220d6a555a5973503a2e5630366b486e6a4a6b3a2d5e3968405254275230266a614043742d30653b67306c724629346f5c523834642d2d686636536872692a504151710d6c2c2f5a3e573f492571592a432a6a2e325d2963543f5768726074575e6e573e3f6d5625593c744c726c353147316923695d33563530643f5c443838582e6f325c0d5e474d683d25382733294031633d71402a54325f63696f385726706648344a395f4a324e3c3629325e527448316b703e59602969474a3927703032265b35404d380d4d506929376754575a3b686c56316e59584347344c6827524166644c5e6e33262a2b2735713a63294521513240575c28283d5d244566282f4a303e2a4d633327280d4355224751294645387229663a4a2b5534353f5d4d44677072334848724a41245f6a2c675468396a67364827473a443c59473d22462b3e4a4f286d5922582b38620d66546f7234482a382f705d664f5c6d6547703c263d67615a62672d423b4c5229586b57426a5025372e616973502e5d5c484173335e4c372e6455306658304760380d592f4f5c285d2b6f4b3d6c724629366f5d45563f6f4b2421725b4b7045563727245a70626431415a61286b534b2427474d4a676d7021292f3f6f6c42326e523f260d344f2a5d376b6239284942565a263f5e4a70332f36565d264661735e3e3b5a424e4a4a484b47675d53254a24356b5c2c3b6f2a5627377258463e587067216455320d3f3c355c5821263f2f61342a7542673a373c5c26432e694f3e64446054343a55294958724d6f656c6d435f75382b5b3252586c6824564f6a2265532d415e4745310d70565f4d446c7459226e7272414e41453c3e2222562f39624a656e5e2860593f6b5b4251502a6464643d5d2b353c543f42556e325c66405d2f5d422a352545285b0d446b433d62374242462d50303365293958683f52215830702460302c28496544725e606c262650583d35494a4b3b6b354b596f4e516f31306271266a543444235d0d31655e5b44705f2632572c4e66222b6b4c3e224726654669364d513e466371352f465e396d3b23255b2b583c593127736c6e70673e7254454536233967305321570d71554f72214f745b58355970755e70624e5b24256d6a41693d69696943326f684922273c533440573d28383e4f3f2648362f46743269597334497e3e0d656e6473747265616d0d656e646f626a0d32322030206f626a0d34353531200d656e646f626a0d32332030206f626a0d3c3c202f46696c746572205b202f415343494938354465636f6465202f4443544465636f6465205d202f5769647468203736202f486569676874203939202f436f6c6f72537061636520323720302052200d2f42697473506572436f6d706f6e656e742038202f4c656e67746820323420302052203e3e200d73747265616d0d0a733449413e21224d3b2a44646d3858413a4f585b2121332c53212f283d5622395c693222396f233522706b4a3b22706b56422270503e3f246a6d3d4b24343731500d246b2a4f51246b2a5854254c73215a254c60735f27474d2f6d2942274d34294242683d2a3f3f2e402a3f3f2e242270594141244f64675e2569362974264a512a270d2a3f3f2e402a3f3f2e402a3f3f2e402a3f3f2e402a3f3f2e402a3f3f2e402a3f3f2e402a3f3f2e402a3f3f2e402a3f3f2e402a3f3f2e402a3f3f2e4073316555480d2351533f373945503b2d212133603521746253365f755a53342121213629213c4533257a7a2239656c2f2270225d2f23524c6847213c3c30262173264527213c4530230d7a21212a2724217341633323372856432450333a3e213c57452a22394a63342173415a3021636e4144217462593922582b4c3535754068224033545d42274a6266450d23384f4c312c4a643a2a69413236596e3045252b6e4b674f5a3b6a2a6c5c40726f4c45366d6e316e5a5369562141393e603b6957706c60236d714c654b546e6e700d55704f314f3c404164566a3743343d6a5264232b4b70414c42605258294341702f6f705652464c716b345560283d286360345160253d3566423b6c66383642504d0d4c6d592d4e614f6f5f4f2e36307426426d475127574f5e2e286c316c6569386d3574554d4f4c51566231632e572648446b36213c4e3f2c2255227535223a2c29330d44236a563c2648602e5a2668755a553b256d405e23272333563138317542275a2632552c3d332c4340574c75702c57256c3f283656544255313a4c472342533c4e0d695e4144383c3049526f243561582d3246534e3341393a67316e7457502f2d6e33582a6f375740285b29434a546f4f5730215129316e2d656048486e3c623f4e300d5144562b3166266c5a723d286360345160253d3566423b6c66383642504d4c6d592d4e614f6f5f4f334421406648263772675c5d4e4f6871276e45743e262641400d525d3c7341673f5350376823495158244e4a665b246a2d4d312159474d4821275e4a56232c533c607149506e58673558246f513e6c42654443265c485d553132210d4f2c475c30292c2a472431605070756e6e2b38443331333e2e222e736d3072723d51266f29264560295c3b64393a5b3d366f43445a53705b2f4e3e4272724222590d72723e597372723d51266f29264560295c3b64393a5b3d29285a25225f646e636c6c2d376a6e2e326e2b672b39516625486966524d3d39497040495c4d7474323d0d4f3e5b253c6c385f2957515b6430247234603132574a383d694f715b5d50713564724b246947525a72723e703c72666b256f3c6158745f7243662a6b6f54355d730d2b3365396f452a715a384a2c3531246f564c49395a4d736e585e5a6f37337272416a4a726a5f7243285c3c3759212448285721375a253d562856634a51275f3b700d72723e742c4c5d264a476f75485a2b5e52512c39222832262650506c7122426a506f5053756d2f656f5a5e5e6e6f2721265d223e5b24673c552b362e436e2a3c410d4f663440374e4d7533473f336b513461234854254d474133543e356e5526642d634353283361747051433e6523555f36703b354c6b21472669372d746c345264310d2372445e6f4b7324376c412d5c49582a683168665966474922562873382d604f58574c267127395451296338352d5e3f3d3f2c40706e2955462e4b2626323226620d3849575a21433352734e363d3772242d654b6646602c3b736f5a69385438326759716f636e335f52442c4e40473f5b355d4742635e61465030514b274a4f5e47590d5674356f48582b45246c3d3c455d496c454d236465334641436a754e413a5e3d3d492643515d4e6e5e3026245468425065233d5c2c505a5c52736d6b65355a635c0d32355c7068467268583c5258527527532570595f5f695f21656d6425573a70576f533b6b5c583a293e6535326d70582c462247625d5469453e552a283b756971330d245050655d5165723b565853506037594f626c2b404c6457622172693747635b55363b5c743a39314e3d543355684466243965612d4c2e5a4830492b61472467720d3c30535861486f6f73233f6f47663f622e612931422b382f5a2c23334128466d432b5a5d5865213271355444723c2c70325a2f2945633e5024262d674b5339585a0d6663726f672e48372e58323c6f2f4d3944504c48656f62294c5f60533374354a2e6658616e4d4175316e49593b3e3d637370394167594e36225f6b6a54226c75330d385d2a64545439485241426b5d6a337045303656726a53534d366875343c5a324443704865675546656342572c25277235464269352a3e2d3b5a4c2c67223e40400d66605a2d5e35316f313f41432931314530392e3f5f45626922634237577573335e4b245b3030466d3266564a414f4d6f4f2a3346562b392d6a24334a55644e63340d3f31442165365a3b272a3e4271255f365b36556a22515b63263860674321387231502c3648552d646a5b26444a334825536b283a6c2c4e3435415469535c2448460d5b3f2a415d3642252b6f70602e414e487557294d424e4e6a475737734e623d522b384e465f2e585a522c5267234c3a555d36462967602c4162632264585a43686d0d5975465c705158574f373828444b5a52733d3d46484645723e266229514140585d3c4356434c2a213f513c27403a576c6b732e2d232f466b5f52634f3a544a4a360d6224643a5e71753659515c4d2321753b6f596c62696938472b6a6c354e2e5522214e236d4f2b3c5f4a4a485b7563502428666b522b2a31364c3d553e6c39485f3a0d4d52252e723c573c26624c64312c457272443e6d2e59732453262e273130726d4e384624322b4d3035355c45282e66544d4b646528233a672d74542355735525710d362353435926585a2f354d354d47724b2f494844717452665f60456d666363455f293d5557466d5b65504c246a5d535f474521604768666d615e246469533c46700d592c534a6b6f6d4b3e6e2e362a5a3571572e6722356a4234742e5e563d4c46395d2c335862732b2457395341713a4b44576b58384264316a222d275256263a55220d293456483a363230303560453169236c56692b462a51736875364c566e646340323a27524f27324b316c2531506367442a3b6029546b3b5d72642a552f616369320d42614b7237657330412f2b64476062475f2d5a473b3b2f4f5b54706f247062244f405869572d3e3a63604167232247496948463a40263e416d346c30425b67236d0d346e6254593623512a61514e305359283d73415f31274d40342728264b634f2b3447613b514a3952454042366437263e6a3a68423d256c3a6343212e5d592e65260d6622484036445c48415528512d212d652b43745249384134365f444d6261284343454e44434e284b276c215a4f60456d5575485a2a493f336e5f50295963462e240d50582d486a716f5c67586e73266f545223575f456d3e405b523a515a4e56424e43754939544d233e673e233b6f382d4a64246b40362f423f40645064472364475a0d2f236150596f4a4f224b486b247143683a5b5a4d244c4e2836282b5f48334871723d6f5442593c344d6b463545432c333c2e5a743545276275472d713b644d59620d715b5522714f4b2c2a5b7233472d59464b365b5852474b2d292b3e33216b2c625a2425576e6232376b4a716c755c6a256d65542d2a39443b54506a4538316226620d4f6726632c2639734854213a344557576e402d39633065562a4e3e605c5d56735d695643743b2475352c2572383f2a59262d633955302d6e41535074585126366e0d2e446940734f5e6e61696a4c6722224328602148665d266f755838675d416d5d743643512431532a5a374a5c673d57552167276062253b5d2b3848666045344f4f0d6b72673e4a395b5f736a6430642f5e5e5c254c4f4033663c442e48335c375e502d495757684b606f6f315e604c714b5c3a536f635443216e212f6c2a286c4f2d280d69474c2d3154667170466f312f425d5d4d4e6e6a43395c27216474272a455d36223d5725312e385c4e422e522a5d73314f59536e3f445c3d5d7348742b6733524f0d2f6b5068424a4c5565464546376831675b724869726173513f53344f755f6c262a2365482e37285d31216c50244d524f5b706f56687158427249593d5b5e5158730d5b61673d3c40473b4e25344e217459294d6f5123546f284c75325e2f6827406e6d636b69692e71666c724629396f5d45572170477525215c6a4561315a273e6d290d3c5869444b2b6227243f5d5d4b5f4e6c5f734f4a37415b2c745f5321664e4e4b3d472d4b6d632d24225d59236a2f5f404b6956434b3b452d3e504f294f5b476e600d596a5f6f752c493b3e3d6823384d476063623f4d315e412f2c486d3c633c496a614f222f4664436e604829395b64315a5c3f2f6e226030596e5228745e70384d560d2e58553054514d735f3154704c6b682c695d4b25554961434b4e422b4a46677367615f4f4f21424e59316e545d662b68464950272736632722554a27214873615a0d2e6c27434261446064552e5223665454533d6041662b684d2c6a494b2b3f6e605e3e6e2f2e5253213658673d3127576933466c3b732c736e3d55673b60452d35670d39326768753d684d4a382d3864286e5d21702e5a27703e3769454f633c6e68453d3d586f5358633f3b52626722655f65684e3a5d522e584760263d3053554d574c0d3063702b695b4f563a5773343669215d2b5b693368615858635a625b693d52312c345f2e5824276555466d294a4c292736743f3e2c4a3b2e5d4a562659603a5a280d722c4c754d2a5e51273a2764446121284946602b715f5b4e6b263f3d6d254a6b39256c644869304a675136476c2d244a475f2a3c25556d66415e3f233345445c420d317257503d4433663f4064386a313f2240586e713e272d556a3129464b235c4837675b216a26472f6b485f2547256f4c244727243464613e322e693e432a52434b0d712c4c256e306d252f385959704471553b274b383c3e2d614f72352f2c324072315e5e416a66222130434c693d332270442c6d5f39516d2e5f6b6d716b234a735b0d3933544c5144256552724072556a355f355c2b3f4f2b6b4636683861462e5769476d34625f6b402b3d44415a3442574e6733706c3f3650216d65405e72723f5d500d5e4d486f3c6c2a4a51515663716b4c2131253b2e5021425f5b252a416d4e5b392e3c6d2a562129752e66544d4b66435b592c6e305821412f4673365f40592e305e0d5c3740404e51384c34234b2771452e3d713122274f6b585742365770543267575c416a514a254a66382b5c28215c6b4060474e4369315a383c61556b55435e4d300d2e5b5870436a4045704429695d3c746c384f47725f43477028304e5c61485a465f73383c434b463c366359233a5b256150654b70556f3f72535a2a55302b72572c0d2c68393f71405d3d55435026537325244d266b29593f6a3b225753403452364254307141673364442228216a58354a24263d2a2a245f4e5e58304a5a2875756f750d602e43334b676f373070555f6c666e57215f437347525255224955443a4e6132282b524c713e4024682b4b496b363b4a47523a6b53465f67442a694a5154655c270d2738493b284e212a3173326f333a712a665549684958256e3e4c2a3736636032265a583640726f4c274e393b58306965224c73335545235c4e41523070547054680d3441612c615a445f3a5b3c3135532e4e22505a282a6f6475435a4d42716823627371752673606b6a5c246d542b2b635572582e4475326c68355c563338713c716e0d6f3065325b61493568755d6b463e2f703f4a472d34424e45333c464b263c45694a4855405d4a6858284650474e3c4d515a395a353e31303a2b28535368636371720d694a38726e682e55652e6456477149603f343c753b734770562867393c70384a336c5e7272416d456523752d6d5b334d6828554d5d2d604f6c2962263f6b6a71650d2e4e753a2729375935745d37274741555b35473e544952275e314c2a466a3b3d6e583550585c4a246d48566d2949502f2a29556f4f745e67544f6a5e40656c33610d466f6a664a653b255b292f5350394c6e576d33502548526f572121463f2367376c2a586375625c283e71585144396b215e274e5f60344824473d6b472121526f3d0d66556e534e3b2d396e216449654f51556a262c2b2836543c3867645e66712132502f313c302f2854542268592e485860725e7125484a3429296a414c25616d53580d435c75434f614b263e445b3b354a4c474f282d673f516555356d632a672350455b55685b72282e5662485a5469312c543b263f434d394f6a6d696e4b2b3a7424430d4a67715b2e245a2850652263366d616927434529432d5f536e276a3c6754464a273061582b71232a25566f6e247052484f2c39605d306a4b253e5e5d60452c6a720d2f4e566b36676734372e60485d7121653534602f7259506d5a6643285d217272444f48536d23303157534f4439423441747449733f73703e2b55462b682e623b6a0d7075383b6a713123394b4f68346f45366d573669405e47293a24494333745e4a345628286f6e6a655c2c2a4d36325a4249476b623d75552d515b2d433b515b63340d435b7151423c512f3e466465295c32323d72713062644964665d4c38682c5833406e4f4045332d5d712445326767745c474f40345c5973672c4858676d514162690d5d5d6328312e565055643e2f2b24725f2a5e73475e7265272c48457261585f3059355561645d702f484b5d24682f3034395f35484b3c603a594634305649213c540d72723d662c322a362f354232346d473756595338703c676a675f625b4e675b2f49242671582872636351504b466954702d292369645c5a30502f554e27444b466f0d346d5a7134626c375b34303625274d592c2c75475a2e3c5d48464b5d225b3e462c74343255522f6a21454a2f475c6156572a2d2b632f2d62575d4f64292f6c2d510d653424483b454b5c4b452129306c2e476c652d724a41645569402b3d37216f5d5f3637434b4b41274f264d5424295940366334595b5c593a376c26754d5f6e2b260d7271492b58723f4c4a2921395f6a5d6b6e344f275550632c2a682264676d47594e433143705f6d506174613a25275f6c266d714a665037567150485d55262a3d2b0d515d61243b6b2d3644382b33576f674c5b51542a3748314e4e652b4848636c72445d3d597562443b6045654135276d3b286e3c57435f7e3e0d656e6473747265616d0d656e646f626a0d32342030206f626a0d35323733200d656e646f626a0d32352030206f626a0d3c3c202f46696c746572205b202f415343494938354465636f6465202f4443544465636f6465205d202f5769647468203736202f486569676874203939202f436f6c6f72537061636520323720302052200d2f42697473506572436f6d706f6e656e742038202f4c656e67746820323620302052203e3e200d73747265616d0d0a733449413e21224d3b2a44646d3858413a4f585b2121332c53212f283d5622395c693222396f233522706b4a3b22706b56422270503e3f246a6d3d4b24343731500d246b2a4f51246b2a5854254c73215a254c60735f27474d2f6d2942274d34294242683d2a3f3f2e402a3f3f2e242270594141244f64675e2569362974264a512a270d2a3f3f2e402a3f3f2e402a3f3f2e402a3f3f2e402a3f3f2e402a3f3f2e402a3f3f2e402a3f3f2e402a3f3f2e402a3f3f2e402a3f3f2e402a3f3f2e4073316555480d2351533f373945503b2d212133603521746253365f755a53342121213629213c4533257a7a2239656c2f2270225d2f23524c6847213c3c30262173264527213c4530230d7a21212a2724217341633323372856432450333a3e213c57452a22394a63342173415a3021636e4144217462593922582b4c3535754068224033545d42274a6266450d23384f4c312c4a643a2a69413236596e3045252b6e4b674f5a3b6a2a6c5c40726f4c45366d6e316e5a5369562141393e603b6957706c60236d714c654b546e6e700d55704f314f3c404164566a3743343d6a5264232b4b70414c42605258294341702f6f705652464c716b345560283d286360345160253d3566423b6c66383642504d0d4c6d592d4e614f6f5f4f2e36307426426d475127574f5e2e286c316c6569386d3574554d4f4c51566231632e572648446b36213c4e3f2c2255227535223a2c29330d44236a563c2648602e5a2668755a553b256d405e23272333563138317542275a2632552c3d332c4340574c75702c57256c3f283656544255313a4c472342533c4e0d695e4144383c3049526f243561582d3246534e3341393a67316e7457502f2d6e33582a6f375740285b29434a546f4f5730215129316e2d656048486e3c623f4e300d5144562b3166266c5a723d286360345160253d3566423b6c66383642504d4c6d592d4e614f6f5f4f334421406648263772675c5d4e4f6871276e45743e262641400d525d3c7341673f5350376823495158244e4a665b246a2d4d312159474d4821275e4a56232c533c607149506e58673558246f513e6c42654443265c485d553132210d4f2c475c30292c2a472431605070756e6e2b38443331333e2e222e736d3072723d51266f29264560295c3b64393a5b3d366f43445a53705b2f4e3e4272724222590d72723e597372723d51266f29264560295c3b64393a5b3d29285a25225f646e636c6c2d376a6e2e326e2b672b39516625486966524d3d39497040495c4d7474323d0d4f3e5b253c6c385f2957515b6430247234603132574a383d694f715b5d50713564724b246947525a72723e703c72666b256f3c6158745f7243662a6b6f54355d730d2b3365396f452a715a384a2c3531246f564c49395a4d736e585e5a6f37337272416a4a726a5f7243285c3c3759212448285721375a253d562856634a51275f3b700d72723e742c4c5d264a476f75485a2b5e52512c39222832262650506c7122426a506f5053756d2f656f5a5e5e6e6f2721265d223e5b24673c552b362e436e2a3c410d4f663440374e4d7533473f336b513461234854254d474133543e356e5526642d634353283361747051433e6523555f36703b354c6b21472669372d746c345264310d2372445e6f4b7324376c412d5c49582a683168665966474922562873382d604f58574c267127395451296338352d5e3f3d3f2c40706e2955462e4b2626323226620d3849575a21433352734e363d3772242d654b6646602c3b736f5a69385438326759716f636e335f52442c4e40473f5b355d4742635e61465030514b274a4f5e47590d5674356f48582b45246c3d3c455d496c454d236465334641436a754e413a5e3d3d492643515d4e6e5e3026245468425065233d5c2c505a5c52736d6b65355a635c0d32355c7068467268583c5258527527532570595f5f695f21656d6425573a70576f533b6b5c583a293e6535326d70582c462247625d5469453e552a283b756971330d245050655d5165723b565853506037594f626c2b404c6457622172693747635b55363b5c743a39314e3d543355684466243965612d4c2e5a4830492b61472467720d3c30535861486f6f73233f6f47663f622e612931422b382f5a2c23334128466d432b5a5d5865213271355444723c2c70325a2f2945633e5024262d674b5339585a0d6663726f672e48372e58323c6f2f4d3944504c48656f62294c5f60533374354a2e6658616e4d4175316e49593b3e3d637370394167594e36225f6b6a54226c75330d385d2a64545439485241426b5d6a337045303656726a53534d366875343c5a324443704865675546656342572c25277235464269352a3e2d3b5a4c2c67223e40400d66605a2d5e35316f313f41432931314530392e3f5f45626922634237577573335e4b245b2453283432656361672a543b6b522345312a4e6f5c35314258275a34260d405d57454f6f445c653b423a41692370503f6d2a4061603b6f5f3b745e5e6c384d60244972223927225d65333171315a7027342e4653626757662149604373272b0d5c376e4f2f263274213f573b2926705827562e5424635f67636b5475424d2d5e2a605c4a5824605933364b302430483e573c4750476d63276a63754e40246b35670d43586e6a4f30462625476875514a2a21286b353327672575276470506149573e472e39556e6b4a735a25476d70525c50744167672d3c3c2d464d606c3a5327263e0d42723f4466682d37672e654b6844632d53246d422e6d685c67695746603b52314d3e55426a5256352c4044365b443d6a475a29706f745f5a3433694d6b362b584f0d5a696f6433714b3b2723603726534b6f69372c60592f4f634a646528233a6d2c35534a72683425476c245a6c5f2a5d5e6f5637754e212c325e254946387049535a0d3f3c3a6538434e242b444347686737693464592d2c652f466c224027495d502f65436866385d4a3a32515f2d6342736f4d343169465862414c713e503d4f5130400d514a50323a68346726584e3d6f403131405a2e5c27324468513c2d40416772723d5f46283f5d62362f5d312e32644b56582d50253b2925525a74415d5e2a5d57300d67442a5c4f616f346271224257735c5f5b4d4149414442592138494e2f30254a3e5e6a5b23536b6745452a396c4f38336d5c714e397449644b6e525a5a2b2c653e0d565d715e274821486e745c625a646365406e3c4a5c5853536b536d467062223b29542f704729242d594c5c2e4c6756326a622e5b664e3e3d2d5e2d7361666b3f6d0d3043252e66303b55656a4759293f35255031664172723d376c276b4975603127563844504c55533a2b244d212b6a2c3122593f69535549635e35284c27292e3f250d2e353c4f4b6439326d3c5b2f604a3a70432827613a4d5d346b6d2d7267744c2c62263c6b6b6a53692a5e362127375c303a2f5354712a6a4d354f3f3558266833270d3f4129285e315538662e2c2c343e52463a2d52526457324126214d48392770515c634640416d274e434a3245365568225b31443c496b515f6c346d66532137594a0d26512e4d71697459524762345b5d472d294b442a625c342275624854726643244a4f393c3d34736b2149745342294f665a635746704e56594e5860392d2c526a6a0d2c614c426b6b72433d2e305226654b693c2f24476f71355a74585c632330437062246d2668513c38333f6841566342697375724331672266263654543b725a65300d4562624159573a51696a624273435846284b363c272e573755445d66486b5f4d3a5d266e4a606e6b2b2f6959503940484e53336e314e742e73607240513a546a5b0d46325628493342663930682d346d562767754e377334245c745c335349312e615d504e45234e624b2e5a6d2440613b4843256f295e584923733f6433413f605b5a0d24232439302455276c344a2d2a285c264f516823494e213426344035756c6d4b4d395e3b4b22305b6c4a6568674227212f65416f454b744d6967366e38234062730d3f2167553d5b2358243d6539234a45386c555b604257263e213b4858413f4a4e743e3e4f72672f673a585a3858706e4c72263736385f586c5560484d2652405d380d432b2a24636a694668393472755c605f72676e6f60232a382e3560732d313f60722f52306c5c486f70223f385143336f5961585b684e45474427503849334943500d3145613b5b2a5c2a4554466726612b25664c55523471616d5a492b3e3a296440362c32383b3e6c5c3d2d5b5a72433673603546394d38755c736526743f45313e690d38526e343f2e3a5c6360265e6134724b47425c685a6a503b5a716451533858386760426852616e6b375f4f7174453261354f49387347356957572c5258373722280d386f4b55226f435354344f592c4a41492a2e537261336e3d713e665866684256685929515d4a216f626038316b586a70463343494270435c255a365f4c2c685c490d3e5a4a6a554e2c5c52573d55512d48594a612e4c5a453b223f45606b675b5d435128692f246d35403e45705b42656822514c7223692c52573335226a4f6e4f4b2f0d3a255a314a5f67533d4a2c336c622d3c673a6f3c3e745a3f2f335b362a4829324a61404f38434461405d372732316c4535425b42263f735e37425b626a4b5b3d270d276b22683c4e2a21223458376637423c45585e3d2c4454374c5b3059324d416e3d566a2b29314e6830486f25644b455961344d5130642838276d69214459365a670d69385d5d725153503422364725505d5357453d2c4d506e696b5973615f4e4762546d753727574321276b535f60524469363a59512a3248232c512f3132415b2e6e0d356b3a5a6f5027473f39392534284437686f4b51425d6523753766246f472c44656e215a2543736e352b6b3644696c2641254f384b37253e264727692e723f5f330d34263b6e344b512b6422464b4a60524559684c564f4a6672336b6e70454539336a2e74323137705963572b3723323f564433613935586640285c752b66353a25580d2e70462335653a626a68573560726c576c713623583652232663672258432d245d4d6c6b51256634576e3563583e443b617539693d2f493c2e4445504c4f592b250d3a24643c415d6068415e662b692f696f5128602d352c685f4b3843425b4f2c4235345052695c313d675e392c6d256049412b512b2a275d42217438446d62692b330d5c5d4a51222a2f253b3c3169492d41426a292523293f4a48683c42525b753e433125563b48513e5c333d716a6b22592968423e2b56554124727040444a2c652d6e0d3a2b46296d634e46635d3727733d5f384a68564b55275f5b223943594b6a425b2b6651553a6b63693c6a5a313c52575d344166693624345671234b5a27406323370d33573533285b313b2747576b6945326d6e263e626c724c632c266947654b62675c297535537428325b656f5370375e3b4f54376a6b2e34674932584b64302b356d0d39674b333c5773333d68494d282a256e41535642645f2a3f5c4c4c21367068273b6d5855593e2f53696e525f3d6c62696e71444545213c2e5a526a6b3e3c2c2e6f0d403e212454302d40324a45364c6c6e576f217448726d4c47346d4c435f56435847324c303a3b2e44376327582a5b5c4624712f4736272757323e3c367045705c640d64243f422a3d62457456616a623b3d43222a4b593d36474945604626596c6f68492153492b2635486c524c2e6a46216d6c255645264c47336728653822392b33340d2529326d43543733223e2e5c6e696064304c6e552f4d42714d3d75365a65523874676f48384b655c2a616c276929514e6d2d6c5c5f4a29405e4227613b703257640d5029695d675d37496c2226673f6e7464615f3c723b644a25453c673d4e256f503849664146624b552175544e3e5f2c664c4227325539702a544f2a4e514b304c480d2767744a2a5347313066712e6c3453293e4e3b303a72583f223c33334f6f286f5d2b573c6b6a29354e5f4c27396b215c652555296c57694a236e33253a6e5346280d382967344e686c223332593c2158692e2b2a4657432f6632512938485255375c403c6b514d71736d58473543383e4a7534322c2c68305356696e2e6566605b232d0d2a5d316939306a2244266f684875675d40215d346b37632e482924393d334173454e5c724b4c6b3839673b72364e282223304d74552a4d2e5332483c6b37716e4d0d46743269596657323859405d6d5b5773336751255b6c2a653d3c51716c574140743d3323636c31553d28302d61725636625f23324a22292f37432a3727413e43570d6330645e3d71375070632a4062607524734c44464e505274572e293c74523d2a683039624a414d65265d704e536d21406c2f485270332e215e456338496f2262480d5d565d2239664462682b2f693e5f3b493a6c3c442e6e343848453b255c755c263222482f403e4155723b2c666e6e5d724042545d2c352f524c25712f6040746c4d0d453e2f2962495164253465272e676c526b4a615f6851455c6c413f6a5e244c6966682c4055233033406c445f655d60442d6e362b514a46635224315f6f23733a2d0d652f3c31733f2e3b3c453b6652754372723e61255a5a7554552d406a2474452b25325634377163703d29316d6f413c305a5b2f4b3437634a697468275a716436280d3d2c536e2f3a422823244b2948715672724436334a2a40525671502f714b6722634423482445262d493b483a44685440535b572266233732233b326d3b6c413e550d3e473a6f446d24456b6828243b624e573f393d4a606558223127682e2c6373337058392e645530665830476038592f4f5c285d2b6f4b3d6c7246293d7e3e0d656e6473747265616d0d656e646f626a0d32362030206f626a0d34393439200d656e646f626a0d32372030206f626a0d2f446576696365524742200d656e646f626a0d32382030206f626a0d3c3c200d2f54797065202f5061676573200d2f4b696473205b20333420302052203120302052203820302052205d200d2f436f756e742033200d3e3e200d656e646f626a0d32392030206f626a0d3c3c200d2f4372656174696f6e446174652028443a31393938303631363039353333355a290d2f50726f647563657220284163726f6261742044697374696c6c657220332e303120666f7220506f776572204d6163696e746f7368290d2f417574686f722028436861726c657320412e20426c696c6579290d2f43726561746f7220284672616d654d616b657220352e352e313a204c6173657257726974657220382e352e3120382e352e31290d2f5469746c65202850444620546573742046696c65290d2f4d6f64446174652028443a32303031313032333137353533372d303427303027290d2f5375626a65637420285573696e6720504446206f6e2074686520496e7465726e6574290d2f4b6579776f7264732028504446204163726f62617420496e7465726e6574290d3e3e200d656e646f626a0d33302030206f626a0d3c3c202f54797065202f4d65746164617461202f53756274797065202f584d4c202f4c656e6774682031363731203e3e200d73747265616d0d0a3c3f787061636b657420626567696e3d27272069643d2757354d304d7043656869487a7265537a4e54637a6b633964272062797465733d2731363731273f3e0a0a3c7264663a52444620786d6c6e733a7264663d27687474703a2f2f7777772e77332e6f72672f313939392f30322f32322d7264662d73796e7461782d6e7323270a20786d6c6e733a69583d27687474703a2f2f6e732e61646f62652e636f6d2f69582f312e302f273e0a0a203c7264663a4465736372697074696f6e2061626f75743d27270a2020786d6c6e733d27687474703a2f2f6e732e61646f62652e636f6d2f7064662f312e332f270a2020786d6c6e733a7064663d27687474703a2f2f6e732e61646f62652e636f6d2f7064662f312e332f273e0a20203c7064663a4372656174696f6e446174653e313939382d30362d31365430393a35333a33355a3c2f7064663a4372656174696f6e446174653e0a20203c7064663a50726f64756365723e4163726f6261742044697374696c6c657220332e303120666f7220506f776572204d6163696e746f73683c2f7064663a50726f64756365723e0a20203c7064663a417574686f723e436861726c657320412e20426c696c65793c2f7064663a417574686f723e0a20203c7064663a43726561746f723e4672616d654d616b657220352e352e313a204c6173657257726974657220382e352e3120382e352e313c2f7064663a43726561746f723e0a20203c7064663a5469746c653e50444620546573742046696c653c2f7064663a5469746c653e0a20203c7064663a4d6f64446174653e323030312d31302d32335431373a35353a33372d30343a30303c2f7064663a4d6f64446174653e0a20203c7064663a5375626a6563743e5573696e6720504446206f6e2074686520496e7465726e65743c2f7064663a5375626a6563743e0a20203c7064663a4b6579776f7264733e504446204163726f62617420496e7465726e65743c2f7064663a4b6579776f7264733e0a203c2f7264663a4465736372697074696f6e3e0a0a203c7264663a4465736372697074696f6e2061626f75743d27270a2020786d6c6e733d27687474703a2f2f6e732e61646f62652e636f6d2f7861702f312e302f270a2020786d6c6e733a7861703d27687474703a2f2f6e732e61646f62652e636f6d2f7861702f312e302f273e0a20203c7861703a437265617465446174653e313939382d30362d31365430393a35333a33355a3c2f7861703a437265617465446174653e0a20203c7861703a417574686f723e436861726c657320412e20426c696c65793c2f7861703a417574686f723e0a20203c7861703a5469746c653e0a2020203c7264663a416c743e0a202020203c7264663a6c6920786d6c3a6c616e673d27782d64656661756c74273e50444620546573742046696c653c2f7264663a6c693e0a2020203c2f7264663a416c743e0a20203c2f7861703a5469746c653e0a20203c7861703a4d6f64696679446174653e323030312d31302d32335431373a35353a33372d30343a30303c2f7861703a4d6f64696679446174653e0a20203c7861703a4465736372697074696f6e3e0a2020203c7264663a416c743e0a202020203c7264663a6c6920786d6c3a6c616e673d27782d64656661756c74273e5573696e6720504446206f6e2074686520496e7465726e65743c2f7264663a6c693e0a2020203c2f7264663a416c743e0a20203c2f7861703a4465736372697074696f6e3e0a20203c7861703a4d65746164617461446174653e323030312d31302d32335431373a35353a33372d30343a30303c2f7861703a4d65746164617461446174653e0a203c2f7264663a4465736372697074696f6e3e0a0a203c7264663a4465736372697074696f6e2061626f75743d27270a2020786d6c6e733d27687474703a2f2f7075726c2e6f72672f64632f656c656d656e74732f312e312f270a2020786d6c6e733a64633d27687474703a2f2f7075726c2e6f72672f64632f656c656d656e74732f312e312f273e0a20203c64633a63726561746f723e436861726c657320412e20426c696c65793c2f64633a63726561746f723e0a20203c64633a7469746c653e50444620546573742046696c653c2f64633a7469746c653e0a20203c64633a6465736372697074696f6e3e5573696e6720504446206f6e2074686520496e7465726e65743c2f64633a6465736372697074696f6e3e0a203c2f7264663a4465736372697074696f6e3e0a0a3c2f7264663a5244463e0a3c3f787061636b657420656e643d2772273f3e0d656e6473747265616d0d656e646f626a0d787265660d30203331200d303030303030303030302036353533352066200d30303030303132323437203030303030206e200d30303030303132363231203030303030206e200d30303030303134353039203030303030206e200d30303030303134353330203030303030206e200d30303030303134363539203030303030206e200d30303030303134373734203030303030206e200d30303030303134393033203030303030206e200d30303030303135303138203030303030206e200d30303030303136313630203030303030206e200d30303030303137393735203030303030206e200d30303030303137393937203030303030206e200d30303030303138313237203030303030206e200d30303030303138323434203030303030206e200d30303030303138333734203030303030206e200d30303030303138343931203030303030206e200d30303030303139363939203030303030206e200d30303030303139383031203030303030206e200d30303030303230303034203030303030206e200d30303030303231323134203030303030206e200d30303030303231333136203030303030206e200d30303030303231353233203030303030206e200d30303030303236323330203030303030206e200d30303030303236323532203030303030206e200d30303030303331363831203030303030206e200d30303030303331373033203030303030206e200d30303030303336383038203030303030206e200d30303030303336383330203030303030206e200d30303030303336383538203030303030206e200d30303030303336393336203030303030206e200d30303030303337323538203030303030206e200d747261696c65720d3c3c0d2f53697a652033310d2f49445b3c36346265326638636463306563343462306437353532326137333531316237303e3c31363263623239666330336666366533343335663637393130353133313835323e5d0d3e3e0d7374617274787265660d3137330d2525454f460d, 'application/pdf', 'debs', '2021-04-29 10:38:50'),
	(19, 'Leave Form', 'To Be Used To Apply For Leave', 'Leave_From.pdf', _binary 0x255044462d312e350d0a25b5b5b5b50d0a312030206f626a0d0a3c3c2f547970652f436174616c6f672f50616765732032203020522f4c616e6728656e2d474229203e3e0d0a656e646f626a0d0a322030206f626a0d0a3c3c2f547970652f50616765732f436f756e7420322f4b6964735b203320302052203131203020525d203e3e0d0a656e646f626a0d0a332030206f626a0d0a3c3c2f547970652f506167652f506172656e742032203020522f5265736f75726365733c3c2f466f6e743c3c2f46312035203020522f46322039203020523e3e2f4578744753746174653c3c2f4753372037203020522f4753382038203020523e3e2f50726f635365745b2f5044462f546578742f496d616765422f496d616765432f496d616765495d203e3e2f4d65646961426f785b20302030203539352e3332203834312e39325d202f436f6e74656e74732034203020522f47726f75703c3c2f547970652f47726f75702f532f5472616e73706172656e63792f43532f4465766963655247423e3e2f546162732f533e3e0d0a656e646f626a0d0a342030206f626a0d0a3c3c2f46696c7465722f466c6174654465636f64652f4c656e67746820313737393e3e0d0a73747265616d0d0a789cbd5add53db46107ff78cff877d943ae1d0dd49ba53df9c408096600a6a3a69e9640c16a029961c5b2193ffbebb2bdb0dc8e7a43327fc609f3ef77bf7b77bfe341c4422a28fb5464204499608adc0c652640a16c570f0c74f500d07aff3e160ffad04a920bf1d0ee8d60824e82c159101936490cff08ea34b03774b7c29dcf1915d1d1d0d077f05f965b8a702781ba641bd988152af431b009ed44153dffc53e0f9295c877b320bbe86320a20fc1bf25f868343a4fddb70f0c913af712c2473cb4cae783baa1f1b01e7c4cba2ac9a22c4dfa5001545b39ed85099d071870fd6869211a4fb36857c9f3466955f0e62130913bb38f02cae512252482c4a45ac3c1353cf89a924164a426ab5506987d8292973fc66740aa7a4e5433a1cbd0f635c79e542e37d4abbb8e847bf698a367d295ada08633bc40ec23d139c844ab74e9c5f60244b3c2175f09a54fd7b8e27d2f6c4f80cd5ceb7fdec9745992622b32e163deb435a7c5cb9888d176112947798e3ca6af2004d0de3702f0b6e6f31cf953705a71abffc280cec287961e1654cc9e439b13764f17a5e164b14dcb38d1526ae48ba287b1653258a75ba9d18178c027d79319ba0b52b5a560dd5b4844fdfd0a5702fe58366824b196371f35b501229122787beab17665837b1b67ed624f06359dd941394fa81aa6ab25b49b85814a1091a4e19935669982bbe863a0af67d3b2e020074dc24cb28533c17e1986008713085fad677c428a15d74fb49d5893122ead6a0031272ce7a6e668475aac6b3a8ca8a347591ef4956744dd94576bebd07a3cd40a2a5d05d5a7f86e8bea377e19e6d4b1ed7ba115061cc0f47a86e4e8bc76da1c44b67b43a82cbc30b0a9cf79b02cab71dc255805190206ec1b7226ea1d7f21af83ad6508c9b83cdcb72bafeacba5e859ea163ac053ee710df77eacd8c481348222b74d637749498d1302c639b10767b4e6c748e41724eba67107982c66085e3727c86f6c56ee52d5be902a8c6f34dbde14b65d005b58b55df90dac43b885d05e3fc7803a62f800e50e850aae00c2e4fdefc8a491d3adac0d555085425be55dac82fe331e29338ed474b5b20891189813855541db76809ebde0af851bc723184b2820374a3f2b1240d2ecbba0249ba79c5ea38c1504e8357b45c1fafc0b3efa0d6a911d6c97c3f411deb4c18dfc4ba416d5381b4247e7713088773ebb727e30302e7eb28fec663398bf217e46deeb6c188d2ebeaf0e422a78b1fd0927130fac079d7af1b63f6cba44b867e2aa9ce34d17c2162d8b4d8ae27e4355c1718354010ba9ecd1fd648bb29a630c150a8a61c16b7f582ae7ca1538b2981c8290516779fba8d97735e9ee27a5580473986dd2150bdc4aeaca1e7efe9d5f03fe13c85321f7e0d5514404dfc2ce038a49bf189358aec496f492aa2ae476c81763059b2acc4345f405d4abb629a78a6934b987300d4cb25a7a3eb87820c90b2825b81a1b92fe82e14ba9ed7cb75229bc274c27621c08c069bd22be9c28a8bcf8bb5fa84673012710e7128a227ad6b2da4ef41cb96a26b449c81969190dddac5896b44eabfc8e1c4f3ec4a622d902ecafde8545994765bd5cc29f4c90be3ed698066c5e6991fcfe7b47a601fbe59397cd5f82e994a29aa620ece7b52538aad77d7266794f930d2fd7639512412eb22e97b661761b971caf7f1e987acfbf1f9c73744e184e2e0c73b1eca76107b5756e8c9989d9b0509deba3a6da0949b4060cf3ffb3ce330f13c508ca358e864a7659ed8c333756b8593784f3186b7a75de4339acfebb26a666b9d578def10d096e6690ef21d7fdff6f1dd1344c2642e86da3dbb49832d8b6745e8cc52bbb65311b437d897dc71160be934444f4e272dd5dcefc6be8ebc675eea2a9c0c7c3fefbeb05392718c93dd7e8c23f129bb056653d5dd40de76b763f65f7eb85943de5981f89b74876dc07c0da4972b5c3e2f184c9735cf9a31957ffacc13f3921b96db4d6751563c17bfe34df1cb4d8f427303cb20870e7d07a2e5119f437c875bf8367742131c070b3d991b7fb3eec6868afc52b3f12e6afe5529234b7b1e0e7a5788920d8de42e0b7251f22b74b7b563513bcd9e5d57cdfd92ffc2b12cab1b6ece374f92af92ef5ed78ffc0c7784d40af27e0e06431b2b7e5d54c742995d4adc91c07cbb2affbdc1c14a4fae9af006ec0b115346a82eb1d586dfbc5eb6ffde6987df68f3f5ace1713d0cf05db912da4b7370d56b11523152fe21d29ebd5dc63be8fadee6956607b183f2b1e44440236beeb42bf8725f52c2b87f529faa3bffdb4f49f65dddfb8e6d43a8e36514bf0e376abc3ab42e48e74f666d0f05e190559079ee48f076eb60a49f1df9edb4a65c3e18072ddb9d36d200ccb01af1e076ad834d2f7cb7a09a54b5ff2568079434d25484ca56158d3656db7ae57d2f4566429b9751dbca5708a8d96ed1d95463ef8321e322e9db2d5ad0e220f6ad5f781e2c4bad682ff8c7a4fc175f7c914b0d0a656e6473747265616d0d0a656e646f626a0d0a352030206f626a0d0a3c3c2f547970652f466f6e742f537562747970652f54727565547970652f4e616d652f46312f42617365466f6e742f54696d65734e6577526f6d616e50534d542f456e636f64696e672f57696e416e7369456e636f64696e672f466f6e7444657363726970746f722036203020522f4669727374436861722033322f4c61737443686172203132312f576964746873203134203020523e3e0d0a656e646f626a0d0a362030206f626a0d0a3c3c2f547970652f466f6e7444657363726970746f722f466f6e744e616d652f54696d65734e6577526f6d616e50534d542f466c6167732033322f4974616c6963416e676c6520302f417363656e74203839312f44657363656e74202d3231362f436170486569676874203639332f4176675769647468203430312f4d6178576964746820323631342f466f6e74576569676874203430302f58486569676874203235302f4c656164696e672034322f5374656d562034302f466f6e7442426f785b202d353638202d3231362032303436203639335d203e3e0d0a656e646f626a0d0a372030206f626a0d0a3c3c2f547970652f4578744753746174652f424d2f4e6f726d616c2f636120313e3e0d0a656e646f626a0d0a382030206f626a0d0a3c3c2f547970652f4578744753746174652f424d2f4e6f726d616c2f434120313e3e0d0a656e646f626a0d0a392030206f626a0d0a3c3c2f547970652f466f6e742f537562747970652f54727565547970652f4e616d652f46322f42617365466f6e742f54696d65734e6577526f6d616e50532d426f6c644d542f456e636f64696e672f57696e416e7369456e636f64696e672f466f6e7444657363726970746f72203130203020522f4669727374436861722033322f4c617374436861722038392f576964746873203135203020523e3e0d0a656e646f626a0d0a31302030206f626a0d0a3c3c2f547970652f466f6e7444657363726970746f722f466f6e744e616d652f54696d65734e6577526f6d616e50532d426f6c644d542f466c6167732033322f4974616c6963416e676c6520302f417363656e74203839312f44657363656e74202d3231362f436170486569676874203637372f4176675769647468203432372f4d6178576964746820323535382f466f6e74576569676874203730302f58486569676874203235302f4c656164696e672034322f5374656d562034322f466f6e7442426f785b202d353538202d3231362032303030203637375d203e3e0d0a656e646f626a0d0a31312030206f626a0d0a3c3c2f547970652f506167652f506172656e742032203020522f5265736f75726365733c3c2f466f6e743c3c2f46312035203020522f46322039203020523e3e2f4578744753746174653c3c2f4753372037203020522f4753382038203020523e3e2f50726f635365745b2f5044462f546578742f496d616765422f496d616765432f496d616765495d203e3e2f4d65646961426f785b20302030203539352e3332203834312e39325d202f436f6e74656e7473203132203020522f47726f75703c3c2f547970652f47726f75702f532f5472616e73706172656e63792f43532f4465766963655247423e3e2f546162732f533e3e0d0a656e646f626a0d0a31322030206f626a0d0a3c3c2f46696c7465722f466c6174654465636f64652f4c656e677468203834303e3e0d0a73747265616d0d0a789ccd585d6fd330147d8f94ffe0471ba9c69fb1c3dbd0c6184268ac453c30347534ed2aad4949d321fe3df766a990963908e154e4215552c7e7f8fa5cfb5c7f4f13c1055ede3b4904b1b9e55a116f24cf15a98b34f9fc829469f27a96262fdf482215992dd3049b0a2289535c28439ccd39feb38146e75347563be897acda27df3d9da7c9174ad857327b972667d0ddc734f91e095e675cfa16be45edc0de332969c12696ce99a10f05dc089be4edd3767bbf66134df1e5822cab9a65f4555c721282e2b310b91bbc90cdcdef2b72741410103244a0b92bc89259baae770da99610194f7fdcadbf4140eec87a471a3631b422b7455c52da01293d1895363251418dd603a04a444633f6cf438c0ce91d1741ad8d94755273951d092ccb05377db0d37d8339f493294149836a051d3b5a17ccd1dd7e532c4855c64e6b6fb8f521424f533afa4c2b67b8d321f8d852563e1b401b6988da08ee6c0874247d658e5b732c300312ea619d2c1635acc7b823ed7664b1afd7259b4841570c6ee4be98c316f580f28abc224ba7791ee034d2f855ce331596d3bf5fe3d096907a7d8dfcefb46d9ef37c60ab1d9583921917f66f391c8399c9159783c4e2e2593580374e9e59d7ba82238159c3a5ecefd0b86c359197ac1cb7e020644f37bd2d79747169ef710b0b101c6902b4e4ba0f36c53267bd629e9658f8347b304796920aa3b22473304a875a08ad3f36299bd81b8c43cd07f88d140ce1b9ce2383a9be19b35ca1fb861fdd03bbc4faf304fde8d58c5c5cc485d64a0c408f135493296efa60d774c6ba52112a6c5451b5d9de1faaeb064cf82d1819d7b9f4cbc73fa02aafd924a39b7959c00a5136648aeff00beca175f0e0ed21822849682ab3ae83aa266fb1362d5ab9c2370b2c5f4f3bebb46d5fd5cda6601a7abd666d613b7c1450570fac3b0a885c2c1c02671ccfdcd8b32441f34285c060219e48fd18c35d6460add0181d679487902a832bec91c00434ef834ddb885e30a5e9f90714d7c90c74f4e9ea2c76c96934d72112cfef72b14f92243736c420fab19519001bc54f28344a320419793695175cbbc1e97cceb14476bf22e33638e271b2a83bfaebcd28aeff3b70288e968735b9690d495546ce23d59aef008fd849ab216983833e8a0b554ea2d202149e4cf22f9a9dda000d0a656e6473747265616d0d0a656e646f626a0d0a31332030206f626a0d0a3c3c2f417574686f7228416c696e75737765204d77616e646f626f29202f43726561746f7228feff004d006900630072006f0073006f0066007400ae00200057006f007200640020003200300031003629202f4372656174696f6e4461746528443a32303231303532363132323932312b30322730302729202f4d6f644461746528443a32303231303532363132323932312b30322730302729202f50726f647563657228feff004d006900630072006f0073006f0066007400ae00200057006f007200640020003200300031003629203e3e0d0a656e646f626a0d0a31342030206f626a0d0a5b203235302030203020302030203020302030203333332033333320302030203235302030203235302032373820353030203530302035303020302030203020353030203020353030203020323738203020302030203020302030203732322036363720363637203732322036313120353536203732322037323220333333203020302036313120383839203732322037323220353536203020363637203535362036313120373232203732322030203020302036313120302030203020302035303020302034343420353030203434342035303020343434203333332035303020353030203237382030203530302032373820373738203530302035303020353030203530302033333320333839203237382035303020353030203732322030203530305d200d0a656e646f626a0d0a31352030206f626a0d0a5b2032353020302030203020302030203020302033333320333333203020302030203020302030203020302030203020302030203020302030203020302030203020302030203020302037323220302037323220373232203636372036313120302037373820333839203020373738203636372030203732322037373820363131203020373232203535362036363720302037323220302030203732325d200d0a656e646f626a0d0a31362030206f626a0d0a3c3c2f547970652f585265662f53697a652031362f575b2031203420325d202f526f6f742031203020522f496e666f203133203020522f49445b3c33313239453938353133454244303434424231354636354339314336433743413e3c33313239453938353133454244303434424231354636354339314336433743413e5d202f46696c7465722f466c6174654465636f64652f4c656e6774682036383e3e0d0a73747265616d0d0a789c63600082ffff1981a420030388f28350bd608a710a98e2b804a6386bc1145726849a07a12e8329ee6630c5530aa678ebc09420c44cc11f604ad8988101005db709f20d0a656e6473747265616d0d0a656e646f626a0d0a787265660d0a302031370d0a3030303030303030303020363535333520660d0a30303030303030303137203030303030206e0d0a30303030303030303738203030303030206e0d0a30303030303030313431203030303030206e0d0a30303030303030343034203030303030206e0d0a30303030303032323538203030303030206e0d0a30303030303032343239203030303030206e0d0a30303030303032363635203030303030206e0d0a30303030303032373138203030303030206e0d0a30303030303032373731203030303030206e0d0a30303030303032393437203030303030206e0d0a30303030303033313839203030303030206e0d0a30303030303033343534203030303030206e0d0a30303030303034333639203030303030206e0d0a30303030303034363030203030303030206e0d0a30303030303034393135203030303030206e0d0a30303030303035303934203030303030206e0d0a747261696c65720d0a3c3c2f53697a652031372f526f6f742031203020522f496e666f203133203020522f49445b3c33313239453938353133454244303434424231354636354339314336433743413e3c33313239453938353133454244303434424231354636354339314336433743413e5d203e3e0d0a7374617274787265660d0a353336320d0a2525454f460d0a787265660d0a3020300d0a747261696c65720d0a3c3c2f53697a652031372f526f6f742031203020522f496e666f203133203020522f49445b3c33313239453938353133454244303434424231354636354339314336433743413e3c33313239453938353133454244303434424231354636354339314336433743413e5d202f5072657620353336322f5852656653746d20353039343e3e0d0a7374617274787265660d0a353835380d0a2525454f46, 'application/pdf', 'debs', '2021-05-26 20:00:58');

-- Dumping structure for table rdms_db.department
DROP TABLE IF EXISTS `department`;
CREATE TABLE IF NOT EXISTS `department` (
  `DepartmentID` int(11) NOT NULL AUTO_INCREMENT,
  `DepartmentName` varchar(50) NOT NULL,
  `ShortHand` char(4) NOT NULL,
  PRIMARY KEY (`DepartmentID`),
  UNIQUE KEY `ShortHand` (`ShortHand`)
) ENGINE=InnoDB AUTO_INCREMENT=5 DEFAULT CHARSET=utf8mb4;

-- Dumping data for table rdms_db.department: ~4 rows (approximately)
DELETE FROM `department`;
INSERT INTO `department` (`DepartmentID`, `DepartmentName`, `ShortHand`) VALUES
	(1, 'Religious Education', 'RE'),
	(2, 'Mathermatics', 'MATH'),
	(3, 'Home Ecomomics', 'HE'),
	(4, 'Science', 'SCEN');

-- Dumping structure for table rdms_db.district
DROP TABLE IF EXISTS `district`;
CREATE TABLE IF NOT EXISTS `district` (
  `DistrictID` int(11) NOT NULL AUTO_INCREMENT,
  `DistrictName` varchar(50) NOT NULL,
  `ProvinceID` int(11) NOT NULL,
  `IsActive` char(1) NOT NULL DEFAULT '0',
  PRIMARY KEY (`DistrictID`),
  KEY `FK_PROVINCEID` (`ProvinceID`),
  CONSTRAINT `FK_PROVINCEID` FOREIGN KEY (`ProvinceID`) REFERENCES `province` (`ProvinceID`) ON DELETE CASCADE ON UPDATE CASCADE
) ENGINE=InnoDB AUTO_INCREMENT=105 DEFAULT CHARSET=latin1;

-- Dumping data for table rdms_db.district: ~103 rows (approximately)
DELETE FROM `district`;
INSERT INTO `district` (`DistrictID`, `DistrictName`, `ProvinceID`, `IsActive`) VALUES
	(2, 'Chibombo District', 1, '1'),
	(3, 'Kabwe District', 1, '1'),
	(4, 'Kapiri Mposhi District', 1, '1'),
	(5, 'Mkushi District', 1, '1'),
	(6, 'Mumbwa District', 1, '1'),
	(7, 'Serenje District', 1, '1'),
	(8, 'Luano District', 1, '1'),
	(9, 'Chitambo District', 1, '1'),
	(10, 'Ngabwe District', 1, '1'),
	(11, 'Chisamba District', 1, '1'),
	(12, 'Itezhi-Tezhi District', 1, '1'),
	(13, 'Shibuyunji District', 1, '1'),
	(14, 'Chililabombwe District', 2, '1'),
	(15, 'Chingola District', 2, '1'),
	(16, 'Kalulushi District', 2, '1'),
	(17, 'Kitwe District', 2, '1'),
	(18, 'Luanshya District', 2, '1'),
	(19, 'Lufwanyama District', 2, '1'),
	(20, 'Masaiti District', 2, '1'),
	(21, 'Mpongwe District', 2, '1'),
	(22, 'Mufulira District', 2, '1'),
	(23, 'Ndola District', 2, '1'),
	(24, 'Chadiza District', 3, '1'),
	(25, 'Chipata District', 3, '1'),
	(26, 'Katete District', 3, '1'),
	(27, 'Lundazi District', 3, '1'),
	(28, 'Mambwe District', 3, '1'),
	(29, 'Nyimba District', 3, '1'),
	(30, 'Petauke District', 3, '1'),
	(31, 'Sinda District', 3, '1'),
	(32, 'Vubwi District', 3, '1'),
	(33, 'Chiengi District', 4, '1'),
	(34, 'Chipili District', 4, '1'),
	(35, 'Chembe District', 4, '1'),
	(36, 'Kawambwa District', 4, '1'),
	(37, 'Lunga District', 4, '1'),
	(38, 'Mansa District', 4, '1'),
	(39, 'Milenge District', 4, '1'),
	(40, 'Mwansabombwe District', 4, '1'),
	(41, 'Mwense District', 4, '1'),
	(42, 'Nchelenge District', 4, '1'),
	(43, 'Samfya District', 4, '1'),
	(44, 'Chilanga District', 5, '1'),
	(45, 'Chirundu District', 5, '1'),
	(46, 'Chongwe District', 5, '1'),
	(47, 'Kafue District', 5, '1'),
	(48, 'Luangwa District', 5, '1'),
	(49, 'Lusaka District', 5, '1'),
	(50, 'Rufunsa District', 5, '1'),
	(51, 'Chama District', 6, '1'),
	(52, 'Chinsali District', 6, '1'),
	(53, 'Isoka District', 6, '1'),
	(54, 'Mafinga District', 6, '1'),
	(55, 'Mpika District', 6, '1'),
	(56, 'Nakonde District', 6, '1'),
	(57, 'Shiwangandu District', 6, '1'),
	(58, 'Chilubi District', 7, '1'),
	(59, 'Kaputa District', 7, '1'),
	(60, 'Kasama District', 7, '1'),
	(61, 'Luwingu District', 7, '1'),
	(62, 'Mbala District', 7, '1'),
	(63, 'Mporokoso District', 7, '1'),
	(64, 'Mpulungu District', 7, '1'),
	(65, 'Mungwi District', 7, '1'),
	(66, 'Nsama District', 7, '1'),
	(67, 'Chavuma District', 8, '1'),
	(68, 'Ikelenge District', 8, '1'),
	(69, 'Kabompo District', 8, '1'),
	(70, 'Kasempa District', 8, '1'),
	(71, 'Mufumbwe District', 8, '1'),
	(72, 'Mwinilunga District', 8, '1'),
	(73, 'Solwezi District', 8, '1'),
	(74, 'Zambezi District', 8, '1'),
	(75, 'Manyinga District', 8, '1'),
	(76, 'Chikankata District', 9, '1'),
	(77, 'Choma District', 9, '1'),
	(78, 'Gwembe District', 9, '1'),
	(79, 'Kalomo District', 9, '1'),
	(80, 'Kazungula District', 9, '1'),
	(81, 'Livingstone District', 9, '1'),
	(82, 'Mazabuka District', 9, '1'),
	(83, 'Monze District', 9, '1'),
	(84, 'Namwala District', 9, '1'),
	(85, 'Pemba District', 9, '1'),
	(86, 'Siavonga District', 9, '1'),
	(87, 'Sinazongwe District', 9, '1'),
	(88, 'Zimba District', 9, '1'),
	(89, 'Kalabo District', 10, '1'),
	(90, 'Kaoma District', 10, '1'),
	(91, 'Lukulu District', 10, '1'),
	(92, 'Mongu District', 10, '1'),
	(93, 'Mulobezi District', 10, '1'),
	(94, 'Senanga District', 10, '1'),
	(95, 'Sesheke District', 10, '1'),
	(96, 'Shangombo District', 10, '1'),
	(97, 'Nalolo District', 10, '1'),
	(98, 'Limulunga District', 10, '1'),
	(99, 'Nkeyema District', 10, '1'),
	(100, 'Sikongo District', 10, '1'),
	(101, 'Sioma District', 10, '1'),
	(102, 'Mitete District', 10, '1'),
	(103, 'Mwandi District', 10, '1'),
	(104, 'Luampa District', 10, '1');

-- Dumping structure for table rdms_db.gendermaster
DROP TABLE IF EXISTS `gendermaster`;
CREATE TABLE IF NOT EXISTS `gendermaster` (
  `GenderMasterID` int(11) NOT NULL AUTO_INCREMENT,
  `Gender` text NOT NULL,
  `ShortName` char(1) NOT NULL DEFAULT 'M',
  `IsActive` char(1) NOT NULL DEFAULT '0',
  PRIMARY KEY (`GenderMasterID`)
) ENGINE=InnoDB AUTO_INCREMENT=3 DEFAULT CHARSET=utf8mb4;

-- Dumping data for table rdms_db.gendermaster: ~2 rows (approximately)
DELETE FROM `gendermaster`;
INSERT INTO `gendermaster` (`GenderMasterID`, `Gender`, `ShortName`, `IsActive`) VALUES
	(1, 'Male', 'M', '1'),
	(2, 'Female', 'F', '1');

-- Dumping structure for table rdms_db.maritalstatusmaster
DROP TABLE IF EXISTS `maritalstatusmaster`;
CREATE TABLE IF NOT EXISTS `maritalstatusmaster` (
  `MaritalStatusMasterID` int(11) NOT NULL AUTO_INCREMENT,
  `MaritalStatus` varchar(10) NOT NULL,
  `IsActive` char(1) NOT NULL DEFAULT '0',
  PRIMARY KEY (`MaritalStatusMasterID`),
  UNIQUE KEY `MaritalStatus` (`MaritalStatus`)
) ENGINE=InnoDB AUTO_INCREMENT=5 DEFAULT CHARSET=utf8mb4;

-- Dumping data for table rdms_db.maritalstatusmaster: ~4 rows (approximately)
DELETE FROM `maritalstatusmaster`;
INSERT INTO `maritalstatusmaster` (`MaritalStatusMasterID`, `MaritalStatus`, `IsActive`) VALUES
	(1, 'Married', '1'),
	(2, 'Widow', '1'),
	(3, 'Devorced', '1'),
	(4, 'Single', '1');

-- Dumping structure for table rdms_db.province
DROP TABLE IF EXISTS `province`;
CREATE TABLE IF NOT EXISTS `province` (
  `ProvinceID` int(11) NOT NULL AUTO_INCREMENT,
  `ProvinceName` varchar(50) NOT NULL,
  `CountryID` int(11) NOT NULL,
  `IsActive` char(1) NOT NULL DEFAULT '0',
  PRIMARY KEY (`ProvinceID`),
  KEY `FK_province_country` (`CountryID`),
  CONSTRAINT `FK_province_country` FOREIGN KEY (`CountryID`) REFERENCES `country` (`CountryID`) ON DELETE CASCADE ON UPDATE CASCADE
) ENGINE=InnoDB AUTO_INCREMENT=11 DEFAULT CHARSET=latin1;

-- Dumping data for table rdms_db.province: ~10 rows (approximately)
DELETE FROM `province`;
INSERT INTO `province` (`ProvinceID`, `ProvinceName`, `CountryID`, `IsActive`) VALUES
	(1, 'Central', 1, '1'),
	(2, 'Copperbelt', 1, '1'),
	(3, 'Eastern', 1, '1'),
	(4, 'Luapula', 1, '1'),
	(5, 'Lusaka', 1, '1'),
	(6, 'Muchinga', 1, '1'),
	(7, 'Northern', 1, '1'),
	(8, 'Northwestern', 1, '1'),
	(9, 'Southern', 1, '1'),
	(10, 'Western', 1, '1');

-- Dumping structure for table rdms_db.pupilmaster
DROP TABLE IF EXISTS `pupilmaster`;
CREATE TABLE IF NOT EXISTS `pupilmaster` (
  `PupilMasterID` int(11) NOT NULL AUTO_INCREMENT,
  `PublicID` varchar(20) NOT NULL,
  `SchoolID` varchar(50) NOT NULL,
  `NRC` varchar(10) DEFAULT NULL,
  `Passport` varchar(50) DEFAULT NULL,
  `FirstName` varchar(50) DEFAULT NULL,
  `LastName` varchar(50) DEFAULT NULL,
  `OtherName` varchar(50) DEFAULT NULL,
  `EmailAddress` varchar(100) DEFAULT NULL,
  `ContactNo` varchar(13) DEFAULT NULL,
  `GenderID` int(1) DEFAULT NULL,
  `DOB` date DEFAULT NULL,
  `RegistrationYear` year(4) DEFAULT year(curdate()),
  `Grade` int(11) NOT NULL,
  `UpdatedBy` varchar(50) NOT NULL,
  `UpdatedOn` datetime NOT NULL DEFAULT current_timestamp(),
  `IsActive` char(1) NOT NULL DEFAULT '0',
  `UpdateGrade` char(1) NOT NULL DEFAULT '1',
  PRIMARY KEY (`PupilMasterID`) USING BTREE,
  UNIQUE KEY `PublicID` (`PublicID`) USING BTREE,
  KEY `FK_usermaster_gendermaster` (`GenderID`) USING BTREE,
  KEY `FK_pupilmaster_school` (`SchoolID`),
  CONSTRAINT `FK_pupilmaster_gendermaster` FOREIGN KEY (`GenderID`) REFERENCES `gendermaster` (`GenderMasterID`) ON UPDATE CASCADE,
  CONSTRAINT `FK_pupilmaster_school` FOREIGN KEY (`SchoolID`) REFERENCES `school` (`PublicID`) ON UPDATE CASCADE
) ENGINE=InnoDB AUTO_INCREMENT=22 DEFAULT CHARSET=utf8mb4;

-- Dumping data for table rdms_db.pupilmaster: ~5 rows (approximately)
DELETE FROM `pupilmaster`;
INSERT INTO `pupilmaster` (`PupilMasterID`, `PublicID`, `SchoolID`, `NRC`, `Passport`, `FirstName`, `LastName`, `OtherName`, `EmailAddress`, `ContactNo`, `GenderID`, `DOB`, `RegistrationYear`, `Grade`, `UpdatedBy`, `UpdatedOn`, `IsActive`, `UpdateGrade`) VALUES
	(1, 'PUPL0000000001', 'SCHL0000000001', '55445/16/1', 'cc', 'Markus', 'Phiri', 'Teacher', 'prototype1496@gmail.com', '988755487', 1, '1997-01-02', '2021', 11, 'Sys', '2019-11-14 08:56:25', '1', '1'),
	(2, 'PUPL0000000002', 'SCHL0000000001', '515151/8/8', '74444/45/45', 'Totto', 'Mwene', NULL, 'tonto@gmail.com', '977100587', 1, '1996-01-01', '2021', 8, 'admin', '2020-11-20 11:52:45', '1', '1'),
	(13, 'PUPL0000000003', 'SCHL0000000001', '515151/16/', '74444/45/40', 'Jecob', 'Mwnza', 'Mbewe', 'jecm@gmail.com', '0975698747 ', 1, '2021-04-11', '2021', 9, 'mosses', '2021-05-02 03:44:48', '1', '1'),
	(15, 'PUPL0000000004', 'SCHL0000000001', '515151/19/', '', 'Mrckus', 'Rushfold', '', 'alit@gmail.com', '098875124 ', 1, '1993-10-07', '2021', 12, 'mosses', '2021-05-02 07:36:46', '1', '1'),
	(21, 'PUPL0000000005', 'SCHL0000000008', 'Erdefsdfdf', '2010', 'testpupul', 'testpupul', 'testpupul', 'alinuswemwandobo@gmail.com', '09887545 ', 1, '2021-04-11', '2021', 8, 'EE05WW', '2021-05-26 21:00:36', '1', '1');

-- Dumping structure for table rdms_db.school
DROP TABLE IF EXISTS `school`;
CREATE TABLE IF NOT EXISTS `school` (
  `SchoolID` int(11) NOT NULL AUTO_INCREMENT,
  `PublicID` varchar(50) NOT NULL,
  `EMISNO` varchar(50) NOT NULL,
  `PicURL` varchar(10000) DEFAULT '',
  `SchoolName` varchar(50) NOT NULL,
  `SchoolMotto` varchar(50) DEFAULT NULL,
  `SchoolURl` varchar(50) DEFAULT NULL,
  `SchoolDescription` varchar(50) DEFAULT NULL,
  `MaxTerms` int(11) NOT NULL DEFAULT 3,
  `Longitude` double NOT NULL DEFAULT 0,
  `Latitude` double NOT NULL DEFAULT 0,
  `Tel` varchar(50) DEFAULT NULL,
  `PhoneNo` varchar(50) DEFAULT NULL,
  `IsActive` char(1) NOT NULL DEFAULT '0',
  `UpdatedBy` varchar(50) NOT NULL,
  `UpdatedOn` datetime NOT NULL DEFAULT current_timestamp(),
  PRIMARY KEY (`SchoolID`),
  UNIQUE KEY `PublicID` (`PublicID`),
  UNIQUE KEY `EMISNO` (`EMISNO`)
) ENGINE=InnoDB AUTO_INCREMENT=9 DEFAULT CHARSET=utf8mb4;

-- Dumping data for table rdms_db.school: ~4 rows (approximately)
DELETE FROM `school`;
INSERT INTO `school` (`SchoolID`, `PublicID`, `EMISNO`, `PicURL`, `SchoolName`, `SchoolMotto`, `SchoolURl`, `SchoolDescription`, `MaxTerms`, `Longitude`, `Latitude`, `Tel`, `PhoneNo`, `IsActive`, `UpdatedBy`, `UpdatedOn`) VALUES
	(2, 'SCHL0000000001', 'E43435', '', 'Mufwambe Primery School', 'Quality And Ealencey', '', 'ThisSchool Aims at bringing out the best n your ch', 3, 3.3311, 322.2252, '+262222147', '+260998854878', '1', 'Admin', '2020-01-24 16:56:52'),
	(4, 'SCHL0000000004', 'E43434', '', 'Sacred Hart Convert School', NULL, NULL, NULL, 3, 434.45466, 33434.34376, '+262222147', '+260998854878', '1', 'debs', '2021-04-27 06:08:14'),
	(5, 'SCHL0000000006', 'EE03WW', '', 'Munali Secondary School', NULL, NULL, NULL, 3, 2332323, 23232323, NULL, NULL, '1', 'debs', '2021-05-04 12:28:18'),
	(8, 'SCHL0000000008', 'EE05WW', '', 'test', NULL, NULL, NULL, 3, 434343, 2332434, NULL, NULL, '1', 'debs', '2021-05-26 20:16:09');

-- Dumping structure for table rdms_db.sequencemaster
DROP TABLE IF EXISTS `sequencemaster`;
CREATE TABLE IF NOT EXISTS `sequencemaster` (
  `SequenceMasterID` int(11) NOT NULL AUTO_INCREMENT,
  `SequnceCode` char(4) NOT NULL,
  `LastInsertedID` int(11) NOT NULL DEFAULT 0,
  `UpdatedOn` datetime NOT NULL DEFAULT current_timestamp(),
  PRIMARY KEY (`SequenceMasterID`),
  UNIQUE KEY `SequnceCode` (`SequnceCode`)
) ENGINE=InnoDB AUTO_INCREMENT=13 DEFAULT CHARSET=utf8mb4;

-- Dumping data for table rdms_db.sequencemaster: ~10 rows (approximately)
DELETE FROM `sequencemaster`;
INSERT INTO `sequencemaster` (`SequenceMasterID`, `SequnceCode`, `LastInsertedID`, `UpdatedOn`) VALUES
	(1, 'TECH', 11, '2019-11-01 19:08:09'),
	(2, 'HEAD', 0, '2019-11-01 19:49:01'),
	(3, 'TOKN', 68, '2019-11-01 20:00:03'),
	(4, 'EMIL', 1, '2019-11-15 05:28:12'),
	(5, 'TRPD', 3, '2019-11-17 07:13:19'),
	(6, 'SCHL', 8, '2019-11-17 18:52:58'),
	(7, 'TRD', 2, '2019-11-18 21:59:20'),
	(8, 'ADMI', 4, '2021-04-11 14:28:11'),
	(9, 'DOC', 17, '2021-04-29 14:06:56'),
	(12, 'PUPL', 5, '2021-05-02 03:27:05');

-- Dumping structure for table rdms_db.teacherdocumentdeatails
DROP TABLE IF EXISTS `teacherdocumentdeatails`;
CREATE TABLE IF NOT EXISTS `teacherdocumentdeatails` (
  `TeacherDeatailsID` int(11) NOT NULL AUTO_INCREMENT,
  `TeacherMasterID` varchar(50) NOT NULL,
  `TeacherDetailsPublicID` varchar(50) NOT NULL,
  `DocumentName` varchar(50) NOT NULL,
  `Discription` varchar(50) DEFAULT NULL,
  `OldDocumentURL` varchar(50) DEFAULT NULL,
  `Document` blob NOT NULL,
  `Type` varchar(50) NOT NULL,
  `UpdatedBy` varchar(50) NOT NULL,
  `UpdatedOn` datetime NOT NULL DEFAULT current_timestamp() ON UPDATE current_timestamp(),
  PRIMARY KEY (`TeacherDeatailsID`),
  KEY `FK_teacherdeatails_teachermaster` (`TeacherMasterID`),
  CONSTRAINT `FK_teacherdeatails_teachermaster` FOREIGN KEY (`TeacherMasterID`) REFERENCES `teachermaster` (`PublicUserID`) ON UPDATE CASCADE
) ENGINE=InnoDB AUTO_INCREMENT=18 DEFAULT CHARSET=utf8mb4;

-- Dumping data for table rdms_db.teacherdocumentdeatails: ~3 rows (approximately)
DELETE FROM `teacherdocumentdeatails`;
INSERT INTO `teacherdocumentdeatails` (`TeacherDeatailsID`, `TeacherMasterID`, `TeacherDetailsPublicID`, `DocumentName`, `Discription`, `OldDocumentURL`, `Document`, `Type`, `UpdatedBy`, `UpdatedOn`) VALUES
	(3, 'TECH0000000003', 'DOC0000000005', 'Moth returns', 'Moth returns', 'pdf-test.pdf', _binary 0x255044462d312e360d25e2e3cfd30d0a33372030206f626a203c3c2f4c696e656172697a656420312f4c2032303539372f4f2034302f452031343131352f4e20312f542031393739352f48205b2031303035203231355d3e3e0d656e646f626a0d20202020202020202020202020202020200d0a787265660d0a33372033340d0a30303030303030303136203030303030206e0d0a30303030303031333836203030303030206e0d0a30303030303031353232203030303030206e0d0a30303030303031373837203030303030206e0d0a30303030303032323530203030303030206e0d0a30303030303032323734203030303030206e0d0a30303030303032343233203030303030206e0d0a30303030303032383434203030303030206e0d0a30303030303032383838203030303030206e0d0a30303030303032393332203030303030206e0d0a30303030303034313133203030303030206e0d0a30303030303034313437203030303030206e0d0a30303030303034323131203030303030206e0d0a30303030303036383830203030303030206e0d0a30303030303037303233203030303030206e0d0a30303030303037313732203030303030206e0d0a30303030303037333132203030303030206e0d0a30303030303037343535203030303030206e0d0a30303030303038313736203030303030206e0d0a30303030303038353636203030303030206e0d0a30303030303039303636203030303030206e0d0a30303030303132353138203030303030206e0d0a30303030303132363637203030303030206e0d0a30303030303132383033203030303030206e0d0a30303030303132393339203030303030206e0d0a30303030303133303732203030303030206e0d0a30303030303133323038203030303030206e0d0a30303030303133333434203030303030206e0d0a30303030303133343830203030303030206e0d0a30303030303133363332203030303030206e0d0a30303030303133383138203030303030206e0d0a30303030303134303339203030303030206e0d0a30303030303031323230203030303030206e0d0a30303030303031303035203030303030206e0d0a747261696c65720d0a3c3c2f53697a652037312f507265762031393738342f5852656653746d20313232302f526f6f74203339203020522f456e6372797074203338203020522f496e666f2036203020522f49445b3c43323146323145413434433145324544323538313433354641354132444343453e3c31353334393130364439383544413434393931303939463943304342463030343e5d3e3e0d0a7374617274787265660d0a300d0a2525454f460d0a2020202020202020202020202020200d0a37302030206f626a3c3c2f4c656e677468203132332f43203132382f46696c7465722f466c6174654465636f64652f49203135312f4c203131322f532034303e3e73747265616d0d0a303ebf650d7386669fabb8222420ba83199f0834347d329ad440599519a8d7c72c288c412d24c8c7dd8aebe2d388651b61892cd2733c571cb2abe4d2767b007238b8206f2a3dcbeec1979c0935b4780e160cce263a918a821932621dc16e753a7fc298b2bafa0b2f6e8de2bce6b7696796a391b1c512f40f335d450d0a656e6473747265616d0d656e646f626a0d36392030206f626a3c3c2f4c656e6774682032302f46696c7465722f466c6174654465636f64652f575b31203120315d2f496e6465785b372033305d2f4465636f64655061726d733c3c2f436f6c756d6e7320332f507265646963746f722031323e3e2f53697a652033372f547970652f585265663e3e73747265616d0d0a78da6262626460626060a4370608300016d9005d0d0a656e6473747265616d0d656e646f626a0d33382030206f626a3c3c2f4c656e677468203132382f46696c7465722f5374616e646172642f4f289ea29afd75aebc39b05e23dd1f8e6c9d6567645c6eec190c3640b3c8dd979f0e15292f50202d313334302f5220332f5528e3e350bf2e72a9b5243fee704da4ec1600000000000000000000000000000000292f5620323e3e0d656e646f626a0d33392030206f626a3c3c2f4d61726b496e666f3c3c2f4c65747465727370616365466c61677320302f4d61726b656420747275653e3e2f4d657461646174612035203020522f5069656365496e666f3c3c2f4d61726b65645044463c3c2f4c6173744d6f6469666965642808cd51aef167cf515be5ec71ac69c357293e3e3e3e2f50616765732034203020522f506167654c61796f75742f4f6e65436f6c756d6e2f53747275637454726565526f6f742037203020522f547970652f436174616c6f672f4c616e672809b94ecb92292f4c6173744d6f6469666965642808cd51aef167cf515be5ec71ac69c357292f506167654c6162656c732032203020523e3e0d656e646f626a0d34302030206f626a3c3c2f43726f70426f785b30203020363132203739325d2f416e6e6f7473203431203020522f506172656e742034203020522f537472756374506172656e747320302f436f6e74656e7473203436203020522f526f7461746520302f4d65646961426f785b30203020363132203739325d2f5265736f75726365733c3c2f584f626a6563743c3c2f496d3130203530203020522f496d3131203531203020522f496d3132203532203020522f496d3133203533203020522f496d3134203535203020522f496d30203537203020522f496d31203538203020522f496d32203539203020522f496d33203630203020522f496d34203631203020522f496d35203632203020522f496d36203633203020522f496d37203634203020522f496d38203635203020522f496d39203636203020523e3e2f436f6c6f7253706163653c3c2f435330203434203020522f435331203437203020522f435332203435203020523e3e2f466f6e743c3c2f545430203433203020523e3e2f50726f635365745b2f5044462f546578742f496d616765432f496d616765495d2f4578744753746174653c3c2f475330203638203020523e3e3e3e2f547970652f506167653e3e0d656e646f626a0d34312030206f626a5b3432203020525d0d656e646f626a0d34322030206f626a3c3c2f526563745b3232302e3638203436372e3838203338392e343631203438332e3835325d2f537562747970652f4c696e6b2f42533c3c2f532f532f5720302f547970652f426f726465723e3e2f41203438203020522f482f492f537472756374506172656e7420312f426f726465725b30203020305d2f547970652f416e6e6f743e3e0d656e646f626a0d34332030206f626a3c3c2f537562747970652f54727565547970652f466f6e7444657363726970746f72203637203020522f4c61737443686172203132312f5769647468735b32373820323738203020302030203020302030203333332033333320302030203237382030203237382032373820353536203535362035353620353536203020302035353620353536203020302032373820302030203020302030203020363637203636372037323220373232203636372036313120302030203020302030203020302030203020363637203020302030203631312030203020393434203020363637203020302030203020302030203020353536203535362035303020353536203535362032373820353536203535362032323220302035303020323232203833332035353620353536203535362035353620333333203530302032373820353536203530302037323220353030203530305d2f42617365466f6e742f417269616c4d542f4669727374436861722033322f456e636f64696e672f57696e416e7369456e636f64696e672f547970652f466f6e743e3e0d656e646f626a0d34342030206f626a5b2f496e64657865642034372030205220323535203536203020525d0d656e646f626a0d34352030206f626a5b2f496e64657865642034372030205220323535203534203020525d0d656e646f626a0d34362030206f626a3c3c2f4c656e67746820313131312f46696c7465722f466c6174654465636f64653e3e73747265616d0d0a1b9f32794809d41f8d8727743cb3a879a3800ded2ac91830ac6b37ca9d15c944c38917e81cd2bf7d47706792d97205511555e564d8781f09e0675dbd82af9c957be3f8081c1fee6c63d1e3c6cd8b76ebe29f068769df8bbf36ab29aa44f8d8100f1b95ddaa0ad9a430c63a37ecf1333700e23e02c93871dd2acb44c8ff218ba874d988deb3929b8e8e2a1df2cae8777e16b50c8b539df5e05fb3421c436a1315adbe801150206fc158b5bde28e0ebc42d15a1ee9f5463846fb29e8eef0fa1580dc039b23d9d92cbdf39b6a38c6e79ce423d61c1ad25f0b711adb9b13edc08ee9283a035e1e7f1744bc315448234c9577f608644f9db95af12498aa21b5b0362da4e73bf343a58b66dd37c5aa9ed38ae13b24d9c3cad8d696fccabb3d696cb414cfaca9a3cdda7a4e5790024cd36e3ecb675f60ca4c068e4c7f23c91526a7d5ac0f87630653d0e3ba2e5863077b44d1569432234ad7613a3e3fa6fe2a911ca51410c7f3633778092388c133493cf91a5e851d6326777039e1f6dfc357dbdfb69a3a7f8813d2996dd303b3b30a9c998d91aa0f0cfcbb6c18405b01779bf0283e162bbf7ed5dadd2b3ca79c2174fc5ab26d91ec3113f8e66e527dad357cb6fc46708c24222a527bbbdd07d251a2636d436c7fe6633c897b7e75fbdd4efec0f5fd38e3c188869ef92e1045f07e05a1ef69288ae190606ecac23884b7aeb9cb973d77bc1aa7f3cc0a5c5539d0d6c02a9798dd6f9c4ece80c946db9e0ec8412facc1aa52d0749e72907c47fd5ea22b3f1af413800e551fff1fdb5c7515cecb5f0c454de68fd9e485a90aeffa87d66e4f0960a2af77a456e24d7bab7c77739e759636d0fea847c40ded0a30cfcdf6d8f424158a1ca767c9302dd7842909a47c164b307a913480745d8f391fd27d8e8f482c136b9b7282ea2208a968f193364379593484a988f6e6cca436f66d65c6b9af0f7cf497d12546c4cb8effe8822ddbee8630b8214aaa9c444691787fee8a81c4d886555c5f5bdbb301e9b6890f8478a5c7431bd29b388f0e8ffacb2452fb4e52a7a71e351ba256883a38114230b16de13b13ed35e289f93217dc9c299087a5e3fa3e832d2bf7dd41026a04870a1a2912e5ae597dc000cade8cd409fd4d09f066455737cab17f96a3779af24b6ba4a8cbf44605c01b539c6f3027445b778b5e0c33631f80fb39b1ca2854ee9008995de8e5074c54b71eb2c55eb40021f95ec875bb517cced1de7c30e872d8a859154f8c6bd589ffb1c200871e0f28683b2433b0fd316a550448accb9ccf44b0e2002821066bf951124915138120dbd6e5b2b1221a9c2fcd3fa10311eb058a7944b3daa0dac4fc5c43d2dae41ea8daf6fab32ff5cd35fa72fcb05137cb57b5dfaa84e3bbbdb81515b994d4138a694d01520f88aaee9efca66ec82e7f0545fc234e4a20237681810aca1053c4bd6be372ade16a997a11a017e66885f001f456f73050e5ec8e725f23b85184a898eda5378b909f7fe7013300faa11566b2c073317dacc55074ac19a21cd5aa7d506938c48cabdee78435cb9555f6bca884760d0a656e6473747265616d0d656e646f626a0d34372030206f626a5b2f4943434261736564203439203020525d0d656e646f626a0d34382030206f626a3c3c2f55524928542ca8b16a75c5b8c37a7e5c72222f4480bff10262070bcbe12adbae7f62276a292f532f5552493e3e0d656e646f626a0d34392030206f626a3c3c2f4c656e67746820323537352f46696c7465722f466c6174654465636f64652f4e20332f416c7465726e6174652f4465766963655247423e3e73747265616d0d0aa1e829496bc593de9a19dc5654ddd97b6ad6e7cc71993c9ed04a506ad966cb287a34179f54dd30deba650879c241734fda17d7446ad78073959a5b8a14037e8b61ca78554e849288ee2ca1536672ede6457f0e81b1c6dd24e1f15a51acc9c6d0b8b276dfd2575560d1820a8cff83c02194eacc02c3c46d4d78aa18be99edb77ff0e562ca4ca3cec9149ae3f9a91ba4df7f98226d63607b86dbf8201e05abd3a5019bb190eb8d2904dfceb87def2c358fc5488082c106df102a6383e5e4577b7f1d1f5a424d992f488f56c3b6a7507e9b3afb45c91941fdf08e8b0007fe5b3dc2d530f516b35b7d1df9639d194b91d80a93ae34d09f6842db8078473abd935ad1ccd7d3b2276d40aa6ef45ee3e18adeab75294580e4dfa2c35bd30245df80ec858dc4c68a1f3230d808c47937908e3be4b0a42ffd6cf8d4fb4c4d787720f0cfcf536d87fec7f73420d8ef53f5f61575d94ab63fd2d12a15215955ee2198aeb1c29d33abac0886ad582372eaeb5ac4e2166f3df0ac38a4e13236edaaecf00b491ec9d8d90b77a4e5d881837a0c9ab5e4b8c4442043f9345d4cd6ac510b9c44bb37e963e4ef32e8d6f57c41e90a15ded5d0d43f316ea7676f921073bcb9a224621fdb5c098a76b9959eb76a55dcbbd6f48d37779d1878805b4a583f5353922c072258c66e2dd5ce2e41c38429abd175e324241b6eeeceeddd76a747f1dbd6b1d3a73ca650f790cc59f5bf035717d05eaee7aeac625be68ab4f3061154befd49058c389cb33eaa558848a64483d1c48fc2c534b54fd162ae863b67792795bafac9d5ceda1d3f67ab041ddda8f18c60bf13a037af81aa87fe9702db54a93125f4688899c6e7df4ea7d5c5b4ff9915b55b72d96181e1123103f4e317a5a3e0d45e43293abf692d9ee11f5944529ad702311467baf156502f7bbfccf06b4bffa12a3cfdb7a2012b2c038740e3ec497c989c07842facb3529e8d800292d6eaccdc80a1ebce47ad198912bb987a3c5d232fb00ed1b728bf5346b4bc890ba2f68c00d5f35a1dd633634cdc12a48cd90a426d584af527df36f5ea07ac6abe195bba988c0b00dff9d03ea11a1bb3071cfd641cc0ffc737d9524ca02a5d691bfe5c8be3631338e69ce79d950a8c5d4065cd462de6cd45aaae77f13360b664d9b979d4f07352fc5727c11155341d21cde15c18716b966be56e9ca9d0aa3b2048f60dd0a844469301c2d5941c7f5de711a6e628b272cb7edfb266870b7bb1d1ce6d2a7c06040b0687ed121d086046c28f8c9e554a053814da93de30a4116344039a94e9a17cbfb329dd716ba8ac518b43763de23228d7e01a8f67b93f84dddfc70b1472493b36f687ee4214e19629ef5e064c68ecd9ecafd9d6b76a3c253c5462c8e7d57ac3effd1be8db405347058b119afbc35108de37d3aefd1047e3cd74e82836d78d30f372d4a9b88a6efe534ce4589be69c44d1eacc6d151f28669a05816e7240ce640faf692973c8dcd787d82500a065455f275514602a3b81631ab9d959966a02460db4225cfa5c30da3e357069fc57aad38a624daec14675c4b26c1e8e2c601460277fe4a00e552edf025bae2ff30db8eab5242d6b4be6a217e12c8ea4c6b2baae46d997164899a7e934691d890c2c84fdc733624aae19aa4e2ce5b4d7fcc4117ab56bad6b19bfa6cc60ae2552eff0987981b1d6d912056738f2a7e57c38e30f8a3598db48703ec52413431a066e889d254258ee85f327864f4e778e582eaced7db5a0468bdc8bdff7cd0c158357816f5367ba436ae9c9fea10e281f7ebd0b775529d935c7a4c670655155d22238b8f1543a817c6820f6033afed9b40b25ff4e6d3a172095658e79b4b1bf9bb402d36b6fc044308931d3e0cf5d8f24405e16dcf2a4ff4a4a7a91f65b6b9704de5606dfaa6451e15efd58277c447d101e45fca9d984f09365fbb0a6fbf2a2212490d76a64127db0544f5aadb7f5d1547cce6b8f72f5e38c2fcd45821463de78d1d5cc844bae5fdfed3ef9392ec78722c3b6a6773648e48857e158d3b40ec0c11318787f7d1c998766e93cdb1be1b29fc01bf4e5d97ba1a8e9e1b328cf75478b7bab8e9b61de4c6d8078ba258e284824453b2afa9026657f3d4c508a2d3c8520fda53fec7e7bd3f43d1124d56cc7b7f9bb0bed1f738a406a564998f58aed4fcf14a714d62a48840ab8684d0839ddc393b39899b3eda12135787cd16d216d5f711ed7866b6f2c5de1401b84a0ad38546ca640f384f99504a624427cf0cbcd4920656aa92db1e0c7fb4c43c2e199b4d2065fb14ab3330841a83f1e9c54fe48f24f2dc91d8521e14b03cc24ed1cfa3f06ab2de7f8f9fdd7a7fd0cf2afd1504ac2ace914b66d26a83cced7fe9d226c1aa093f5e7a0c7e1bdf2b34c1beaf05b5cbed45e1a0ac6c7ac76c48ab13766b13ad675dffb4be50c3d09c966b47d5e31c5a8136805f2d67c9f78baa3f952c3b4dca77c685454bda5125c2cf4a4c2b9e6b66807f74edd6b1a54164aba8e394e262da888bd606a0e763d3ea046abf4da7000612b2dc0f92621289fad1cae173e4c7d9fe08f2bb142d4fc98a5f43c6b123e82cfc4d09cdc2457abee3a4c2d70ce896b0b29de0a5653959f42b85ae02f6603da345109baf3037c821417fd5085e97d24febacbb7033de3b094a2d609b56f0f20f537e057ee468b899caea56c2c2fc7b8059aad5cb88abed764243c8aa6046ffcbe8badf7ad4aef9407dc4e6b9f55adc2f2243f00dd05b845bfb3f66a6f937278f984cb2b85945dfe15fe0130d21017250161eca99fda3dc048c3827987928e3bdc414eb65d4e0e1c2d6ea14423795161bf88eb222e205ce302e22e1078b02571c1d0fa4eab2a42d8c73bbbabbf55b49814cd792d356ecd09bfc999ddb54f041b110ec5671ea4ff7e460da943d95ef0899762e43c8da12ad911f0b0787c2323876f1c9b831438cbd2a4cefd01c6664b790cef5deb441cb72b05f8e039693aedf73152a87e0d15c359f0566dc8efbe768a0aee5b733fef0e3ef964b60978483420d979a71be06f53c445494a8a6e736f324e7612a494b0b30401c6e64505d8c43152ca827e3cc73f0b246dab67966b9f6b728df54677c1050bc0c64500fc29256e06e275b3d5379c8b92ccf6064dfcf44681c8d90ffca6259ec0188568653d224e678510ed5666d756ad4387fd2163fb67745cec456b8c20e9dd26b51496b7fa6391cb2540aefd32da045edd4012cd0a7685826acda5e74701d8a43ed220ce133f873f61e946419b3fe2f88c9551ed39cc5cb85859a0f0a882e4cecaa6efb7dd00b0276d7bf781c439b247404b36a7b77a468e3906ad97b4facb34f82e4143cdc76470bbe5ca16ddb5aeee9ae3196840360af47fddf29c0f85b0eb2b4cbb26ee7e332b27b2e56c15fdef45b5aa26cb3ba30db9f3ad19cb8bb8870e472ee985be3e1c5181010d3e87947443d65c50b0c124ca631fd2054d8413657743b09a3b06dbf2d1769bfa1ecf8cf1d0b1f4a6c6181f601f3575f121d274be95b7c4637560d829e292e075453a746ad6ba587f022db3a21dcb90e88e5b2c50a032d01aef7bedc976300fa3c375fd2bb8d79d25c70cfc9d02473464e86f13a19648bee158671c6b033bf61edafb730d0a656e6473747265616d0d656e646f626a0d35302030206f626a3c3c2f537562747970652f496d6167652f4c656e6774682031332f42697473506572436f6d706f6e656e7420382f436f6c6f725370616365203437203020522f576964746820342f48656967687420312f547970652f584f626a6563743e3e73747265616d0d0ab4a3abafdfad62eb37712335010d0a656e6473747265616d0d656e646f626a0d35312030206f626a3c3c2f537562747970652f496d6167652f4c656e6774682031392f42697473506572436f6d706f6e656e7420382f436f6c6f725370616365203437203020522f576964746820362f48656967687420312f547970652f584f626a6563743e3e73747265616d0d0a13bcfd7fd32ffb9d57aed2a55985fbc02e7c220d0a656e6473747265616d0d656e646f626a0d35322030206f626a3c3c2f537562747970652f496d6167652f4c656e6774682031302f42697473506572436f6d706f6e656e7420382f436f6c6f725370616365203437203020522f576964746820332f48656967687420312f547970652f584f626a6563743e3e73747265616d0d0a761b1da8edc38f0eaf930d0a656e6473747265616d0d656e646f626a0d35332030206f626a3c3c2f537562747970652f496d6167652f4c656e6774682031332f42697473506572436f6d706f6e656e7420382f436f6c6f725370616365203437203020522f576964746820342f48656967687420312f547970652f584f626a6563743e3e73747265616d0d0ab51eed01aa2723ab7246e3dbe30d0a656e6473747265616d0d656e646f626a0d35342030206f626a3c3c2f4c656e677468203635322f46696c7465722f466c6174654465636f64653e3e73747265616d0d0aa260f1fb2b6ad9015a3af66311ed788d81aebaefa031571366cb3d4e4ff225b77a0e66b30d94fe9c8a2bb15ddfc1085dbb6757ee20ea0bd185fe94a21423c860dac46c28ff8eb70e1c97d6b2cdc366ee292e94e8e8a0497a39de2a11b58d7f3af0aeb4d3f60f5ea4f1a8e8ab86aaa091d3d3fbc8f4ca840510470427e754ff19ba30871aae1901e2685161f37381ee5eb4362b7c7eb5e31769e939c077fed2ba741d4746db6f3b286f69f77ebdc3d65c1fe62532a1a548fafbb9a212b9c94d24323d1e882d18453182045f4ce35ae7b499f4ed9d93953b8c5b8a9569a5925324ea34c26d3e9d60961fa8455674314c3d2bb7a6fd19e6ef4f6cdb7ee0c926292c87e389e378c5a676f550904869dfa37cbdd7c6b8dbedf51107b4778b7d5ab075119b9d6f9826eb696ac7e7a650a0bcce27707b22b4b81ddff01040f2dd2561e8f2abf2c965698d0219576a784f4a6b410397cddec24dd698e3d4b98838469371cb6a367e251262acfa193baacb773c5cb03856b4d2df6469feee41c0b6bb10d6b6ac9e1cafd26cdd43a0c913d3d554f5f443a8fb1bc020108651826e5e1dcda969967b3a76cf847cf0d8badc44f8edc4822ea8cba35bafc3ede2f21071958df7e4b40da8c444247f9df05869875671154620b289b091e25412a4f0881419112619f9435eb76b637ed6a9194bdbe95add6ac5df2f5f5f1b96d8a6f0a1e72763fb93f8753bf7d1c244723f80ec5bcd1849c13e4a340ff13a4c63cde6d5310b572757aa8a1a2d3f0599beb48dc311cf030d5f56fb4ff3b77c25099ac236ea907c014b3fbea12193b1849028b3ff027cb66135456de3583725949fff76730e889ecb5bfbb85fde746b70af05ef07e1f98c961bf6f959d90ac2cf89dbeee00006ccde55914a21a8d399511a24b42e0d0a656e6473747265616d0d656e646f626a0d35352030206f626a3c3c2f537562747970652f496d6167652f4c656e677468203235372f42697473506572436f6d706f6e656e7420382f436f6c6f725370616365203435203020522f57696474682031362f4865696768742031362f547970652f584f626a6563743e3e73747265616d0d0a1a68853663bffbae0780f60215f9f9902b44c5d8e4ea022c5b1487c8e2024c76fafcb2b823ce2c3ff67bb6dd6439a091b25bc98c044d2ffa8db157c8b65acec8323d9508525656314b3148de952147d578e53ae7fc84e9594184586bb5fae4493fb44d3e67e6af67a21ed3f14e53fada7da09fcb5b7d9d5e9bfebfa7b9a75d0a855222baaa99dc2d464cd41064506f53c9d4cd5c089940716e436e023783a72f82fc3934e808c7e1a3a6a1db9705af287c8ccde21f31177364bf80429fc85c4c4c6e19abe94a13f7ad4b28177ed91d689febccebdaf7b10a30f539d2a61af06119f4eba4e6d343fffebe7462b9767ecd3af4f405a179f310724352588fc00f5f040d0a656e6473747265616d0d656e646f626a0d35362030206f626a3c3c2f4c656e677468203433312f46696c7465722f466c6174654465636f64653e3e73747265616d0d0a52a8eaf3bef35bbd1582736bd7d4ddc5caa3f2446749d2048689c5fae938af688c28852126cf2e12c75beb983c2b57f5fcd62d07b99fab866bd1d08aef4a0907495d2e6346d0a6e60e114f5d2528811a12bd8b295929ca58fc1ee7e17762c67fa693c8f7386569f7b23a7a0d110b888a6137a108cd2d8d87f665989450b1c4c6f0d3d860281bc5d5d4422aa42f929981fcc2d9c6be56f2812505fbab6ba3d0fbc0bade939edaeb4a0ffc2c35676b62ec1b4ad8d1397186447d107171cb2dff0796d4be491854a95812a651bd2a025bd966a61f8b9f93ee02500bd16bacad2978ecc798d1b13f075346a48045efa5329e5c2eacb8d37f4c5f748bcb0aabef61758779492fc76ddb1c5b967ba481fa789956a4fdf83e8f0ecf196e902da6cd6b05e4373bd99262084f649022456f757bc25d5b40e9dcb64b25023a877d2605c826546d35f357e842cc0623bb0d3a93d504720a157fe5df4e91de4161c75d815f939350b8e992a11bfb11f41f922695bf1182bcf7b5060355fb775ccd1197bc71310bf2766ac13cd8740b7d23f86afb7b246c5097e65598f1f036194493ce348a02ae3aef7d00fbbc2853c64e860fdb4d0d0a656e6473747265616d0d656e646f626a0d35372030206f626a3c3c2f537562747970652f496d6167652f4c656e67746820333239372f46696c7465722f466c6174654465636f64652f42697473506572436f6d706f6e656e7420382f436f6c6f725370616365203434203020522f5769647468203136372f486569676874203130302f547970652f584f626a6563743e3e73747265616d0d0a316d5815634d06c45c56b80bae3974866eca94e0f9229be81b927ca4b31f61760fcf6250ee841d1145fd22bb3313a055b8af3588ce1d61a2ce4f5114255149354bc27f2c33701c61d3ec25cd08820b94a978a0f47c97b13453fa100349e2b790b455a84e731270e410f96f22f8b36c1997fe0a13e9ebbb2a0d46bb68855e7df7bcdc22efd0db50a8829d6480540e1bccda38412c42a16e6bec41af0f1fe8c9bf13d21d9f61aca214dc5140465ad81bc59eeabc3daf176f9f72963f4416ef4b6b2b41c2a104a9a29300b8f2342414f86e93442b288d1b553464bd57bb802799f38316233fbd9d453b3eabe6142ccb9f8b40025af7a0217bd7ed036d074fa0ded3926c3cdb917758e407733ddbfa5df29216d49d2a1648f582be491f9eee1e019a0ce03c1d770cba03be07f55931dffe737b2f17d573ae479d72dba69898db1077112e59b826d50c6bed71070f4aa1888f374f7079748ec77830072b77579a7339cb531beae60a49c5b98ffe6452783be6e95738fdcbd435715163d460df0ca5e9b8a763bde13f3d179e2ebcb071127ed6da90f60679fa3ec84caf3a1f42858630ded9c33acac0aedbbae288ab1d06f6d80b52dcf484498ce4f65e985a7828834596b936c6559bcfcd1ee6876a3d65b73a3c211c0efc3f005de0be5847ba8cb34bc2ee59b9c980eae4d4d818f82e55c09a8f4269e4f697d115273b935d10153504cd5a02ae9963493d095f26ee968030a77f51333bdba876efcb4b36c7d481aad6f1bc836e0bf8f523814c15bff46af09c405aa3dcee4176bc457106cd9a9380937e9817f5dbc98f2c9042f770415fc7904bebee2a731349c02c35058d738d21eada36251bd3f4ac147a1f20c1cdcf0f7e1f788d46433445ad954f48a576e789ab37825749eab8831e584b476fd03c1939b04a8d54e0780a2d8a31b08586b6f2000832d93b98cb4112bd1bf9ffb8fdc5fcc87109fb1326a25030e8aa845d9fe6095ffd6f16f272908f30b38f812ebbdda568a5f3b950e89c2b54205ea1a07381b8478b548b9dbc971c579b9742cbb3febe8bf773781c6ab7bef75d680335ef6581405ccaad6c07df57e999a78606b8d4ec6807a99e1fab47ebb0440d0ed389a43e955c7d999bff80403cabbf49b03b27229f7e7891f8220eefe9213158fd1314baaf350c5630c8c6a940b65eb0b43c1dd8c5331f2c32acb5a089af9b89ed9f940da52477b8ea1d31c61a7c1bfac155c691eb35e499fbe67f00d3e16505c6058a37e288d06830f8bf7141d01733fcba767401c33d47ae8b9ac6a5d01be9b436bd9ead2c050c9856b03828ea4f8e74c475a283f99229058d0ec8fffbcb2caa426775a48fcae2c53a7d6a5cf4fe185818f8bae252defe4a9ea9991c087962f576dae18047957b09169ef1ef16965dcdf6bae61cd9529cf4c510c595043e4ed102e14be9644c672258047fcacbda0cf6250a2f2fd76eb19cdea443eebeca0d5d2e6121b454249731648c17ed674629f2b3ad3d967d521ce0f9141a3e0a886e485c6a0e0f2ee9d56aea1e3e97ff8f4734ed533b10e8b016878a8be0aa9c8a12fc928237d0a3b934c4ef800bf96ad85ae14781d7295afde6879838037be2779827b83490a1c439032cf3d5dad60ee300c27dad583a27e40af4ce2d90ec0995524b893e99c5e770e3fe29f733f616dd86b13b10221b84baa897353e6a92dd9b4d42f529d27250c6fac479e5114cdf05e41be1083a17dbd7495d2d8e92f8947c0a21016ab9ddfcda41504db655fdd8d4556354feff20cbbd7744e00cb275b9092262021cf16e3d25d8210e7a05613d71f809c23f294b95e0836568d0801135558352e954abcc3db959183db9b1a2a0518db5978f5a4d0a65c22fe203c0dd218faa69bcb0ed8c32d0afc0bbc8dc53f746876f3f271324c4e3e48b1a2cf6c02df394bc975b839b431d7e9e83aca10de45984d605f1a8fb05efdaf249908a2878ee8c1bf0be6d853bc194b1a05a67cddc8117dcfc8f736f56e9c3df3dc30ce16a166217399461a2a28b8abd46e6c02095171132fdac9903ac593e500f555ebcea1604aa36e4479cc782bebbfdbf4de03b56af6677bbd0aacfd53cd147eaa6a5df2a5ae8735df8d66d5a7708c74458fe29784e8ba1ee39a98fcb1fbf0f9202e33275f5a8bc86c3444f677110978630888af913cee798b43e971b4e02374c4d9c024934c6970aa3f83748fc92df0c10515dc2ef0abeb6e7eee168fc2174c7017dee6db5a1185dcf64e27fa202bbb559567f4570e0147520ccf0daf94840acae5c213a73bed1e5728c8f89febb5f7fc094dd10d229125ea7e299112a585ca8d0843738df27f33d1a791969e791aa96958b6e4ae30c18885569016d19f8ef972c3aef32032e1410d9cfb315579844d2aa942c7053b65e9c15373a108781242800e97b6c8d31a90da1fb5dbfb128e75a315a6dd44bdb92a49b7ae67cb61c21effc9a0cf4dd1548df28025734e69e1a02e41efa07010b9a170e2dbc34d1ad5175f72ef8b9f4f86be3b8dd9dc8c9205e6c47a0e82a2750de555d049bd90438d2278c18988b644b5a16de336df6035c3244b52908dd276567fa060d07b1259d04918b3654a0155f508fe0052a08e9415928e1631fcc50c0bc562ad7dbbfcfeccdffadba1ddc798b31025977690a74f313b1c7976f4d7a866b98e807c66a40838eaa63ce259d27df6518deee207894834b11c368496cba225a6afc1a2593aba988613962e0413a24df25561b719e70f7bba1018da837defa09f0a83e9ee61d6333e7d2f9929be0fa12e36fda98bf740594f619dff4c9a50bb6c625f47c38d11558f122610a4e036564dd4a63ffaac837f75746a9257793fc569ba9e4681cde1af9fd5675889574f99a23f3ae53aef6e29862c30ccf51116fed8b9c67ed55634a562e71a348c7eb083c15d06dc9a96953f3f2fc0d653c2021e61547121466b38986fe8ecaf736f7fdf6f1a376a74e482786600d32560a70020e3d23d32b91294f0fea7d429762cfb316350137f5c819ffe79ac271212cbbf565f1875c7ba01a94b63a83d416569427494cedf9fa44c274c51da61dae6da1dd08120b6188041e9b7b11280445fed16fb8b0b33601856a28bfc9a3065081fc23a324109ce6066bf178fb8173c857e8b973349bb360538b3049268fd13fcbe99a1ea5ae4fff0ecf8a8674eb8ef36e3bfab85b21ca9dca1ce6d31e1b7f9bcf85ed59e6e85801c4a424dc43d3d762db9b8c509be0dc386dc5ff6144d9069dec2d8d9748d6df4dd190fe6d30dee25fa1f96989d5166223908e26d3f62d9aaf4521875df2f5704091031660531e44604a8dc957fc9a811c0cda555c0838bfa7fbc1ad1b17ff73cdf29a73a187c12c13b442c68dc2207429c028c94ab7eec20290f65dc575ac0e73bdba76709977eb4322d5693ba5a57be05094de2d538c257c736a22f1f9601a5afd53e104a3ba1a6fbd25e5b11ca8f197ee09f9f4fd89dede8ba1c63e5105007309641ffc633bf9b9cc01d481878a70beba031859109eaf9e503ca306d7393ef812b7d1c0215805819f8ad00abdf7e9855b1034470794d70385adef962d3126046fe9d4b0e8cd878b595af58813916479a1ace9d9f905a7389b6dc281075f69ff1b878887d7420cf210bd03ba9053f1ee9e17552663ecf6fc0f6706df3d506690ccb8322b67c8b5255e1e3670266fac59da81dd69fe60ee819fac7a4708a1150975b0688866badd58f6c42ee7d4f49b03fe72100d45a12ab8d2b44e74acb7d37021653c244e5ecce22ebfe2537b8da39f876cb5177fdf78302692d9b5e8470aa22f68d81f8857918ad1125cee99772a02f4fbb447889cbedbc06bd4e0998d1b99b21166ea9c61cfae41e2f3a10505c14f990bd538826777f3b08e8b9f4b3061412ca2c47a2f58c4876544cd8fbb952185303dcbcbda00ef2e674bdfab28b18af3554ec03ff550c499ebf6c4ff62e926e37ad5e2882532703534051e86d9cf6fa6ef605e0d64c9481a1d0fe0e50a72bbeb6355db2ba151b289b5574e20217f23747074c8c2ae6817e4b52fedfa31c72fc173bb3fa313ce8248e2e627d108b7755c5f0098924a834f63166cc89adb580b1e2ba17364837ef8d1dc5d4fe8bbce87299debf065a86c7e34e348ae2ba772a2543f877c271529042211d38148ea104af768281652618a936e72ef7f7597a26373c1f264b774ca05a2de7255eacfafec41e15e9933c23087d5d51b57ffef5db0eb3afec603b96ba12733c1567a2e9e34062240d92479f9b777b5e5507a02f4fa4a2797165b77b2ed22b9ab6a64d3882564c4055aa46b6c9dbb9092f4a3338f0642584ae8211f2d43016eed47ec629deea46bc14a6243f1c4a854d5feff193c636fe4fa5311419f88b7fc706ba627698916ec484371049a38faaf397c97431d32fd1116efcbf5c0f79365bbe32880ec5170fe4d29c3499203be4ee2eed8ff4b14e130d131d1a834e498dd6adb42d92f715c42e673af3180233ae56005f7a22e5eaf434997234141da74ec86e8f25640f05ae2a9fc36240b726393cf6827b91f7dc5af4aaa501401bcf7f45c6b5983a26535598a3c6df805bbeab5affc8c755d3fd9c83a5962c35c425e7f325f1142e1d8cd2fdabaa088ff73cb03d272d33befb60d0a656e6473747265616d0d656e646f626a0d35382030206f626a3c3c2f537562747970652f496d6167652f4c656e6774682031392f42697473506572436f6d706f6e656e7420382f436f6c6f725370616365203437203020522f576964746820322f48656967687420332f547970652f584f626a6563743e3e73747265616d0d0a3747adf7bb93c82ee361daea91fc6105223d2f0d0a656e6473747265616d0d656e646f626a0d35392030206f626a3c3c2f537562747970652f496d6167652f4c656e67746820372f42697473506572436f6d706f6e656e7420382f436f6c6f725370616365203437203020522f576964746820312f48656967687420322f547970652f584f626a6563743e3e73747265616d0d0ad78fe918ac97c40d0a656e6473747265616d0d656e646f626a0d36302030206f626a3c3c2f537562747970652f496d6167652f4c656e67746820372f42697473506572436f6d706f6e656e7420382f436f6c6f725370616365203437203020522f576964746820322f48656967687420312f547970652f584f626a6563743e3e73747265616d0d0ab3770ece411e490d0a656e6473747265616d0d656e646f626a0d36312030206f626a3c3c2f537562747970652f496d6167652f4c656e67746820342f42697473506572436f6d706f6e656e7420382f436f6c6f725370616365203437203020522f576964746820312f48656967687420312f547970652f584f626a6563743e3e73747265616d0d0af1f030780d0a656e6473747265616d0d656e646f626a0d36322030206f626a3c3c2f537562747970652f496d6167652f4c656e67746820372f42697473506572436f6d706f6e656e7420382f436f6c6f725370616365203437203020522f576964746820322f48656967687420312f547970652f584f626a6563743e3e73747265616d0d0af7ff316a2d53680d0a656e6473747265616d0d656e646f626a0d36332030206f626a3c3c2f537562747970652f496d6167652f4c656e67746820372f42697473506572436f6d706f6e656e7420382f436f6c6f725370616365203437203020522f576964746820322f48656967687420312f547970652f584f626a6563743e3e73747265616d0d0a237cdd292677b80d0a656e6473747265616d0d656e646f626a0d36342030206f626a3c3c2f537562747970652f496d6167652f4c656e67746820372f42697473506572436f6d706f6e656e7420382f436f6c6f725370616365203437203020522f576964746820322f48656967687420312f547970652f584f626a6563743e3e73747265616d0d0a43a5b1ee09abde0d0a656e6473747265616d0d656e646f626a0d36352030206f626a3c3c2f537562747970652f496d6167652f4c656e6774682032322f42697473506572436f6d706f6e656e7420382f436f6c6f725370616365203437203020522f576964746820372f48656967687420312f547970652f584f626a6563743e3e73747265616d0d0a959dac2f660b01462860846ecab028d7aa57183c28790d0a656e6473747265616d0d656e646f626a0d36362030206f626a3c3c2f537562747970652f496d6167652f4c656e6774682033362f46696c7465722f466c6174654465636f64652f42697473506572436f6d706f6e656e7420382f436f6c6f725370616365203437203020522f57696474682031322f48656967687420312f547970652f584f626a6563743e3e73747265616d0d0a1c14ad9e4dea7a413dd5089c48387140fa09c8fb5f81708d81514196d91703bf9e3a46080d0a656e6473747265616d0d656e646f626a0d36372030206f626a3c3c2f5374656d562038382f466f6e744e616d652f417269616c4d542f466f6e74537472657463682f4e6f726d616c2f466f6e74576569676874203430302f466c6167732033322f44657363656e74202d3231312f466f6e7442426f785b2d363635202d333235203230303020313030365d2f417363656e74203930352f466f6e7446616d696c79285faf65cbf0292f436170486569676874203731382f58486569676874203531352f547970652f466f6e7444657363726970746f722f4974616c6963416e676c6520303e3e0d656e646f626a0d36382030206f626a3c3c2f4f504d20312f4f502066616c73652f6f702066616c73652f547970652f4578744753746174652f53412066616c73652f534d20302e30323e3e0d656e646f626a0d312030206f626a3c3c2f4669727374203232332f4c656e677468203735352f46696c7465722f466c6174654465636f64652f4e2033302f547970652f4f626a53746d3e3e73747265616d0d0ae1de389556b97b9a4076c59eb18a5d3d37a14eac9811617d2f776fbb0108b6d7c928e17e40a76cbcdecadd03a5375f5653beaba21b5174a423ab958ac985d72e113147e8c9231e820a7300d282878370628805db0da642642755ec565922fb8e35b13d3d8c4b2198839b0444cc80d5981bbca6441698765ea676ab09bcebc7642c54b2e943721c4db9f3a5f63db9947ca8d2dfdb9c0afd23ae023f562f4ca4d51efdc509c44421eb647afa5bdddeda0e3014ca92b85cd6ed51d8913f5f1c2675ad0b91a9a8012e14d5cdd28485c699e9f179c7cd85cadb56ae0b8e1b4e182b102f9d61e4d8c722bef6f19a12b68795a85072f0928f35d03d55b277313a9b9095ea3f2db631fa195a44264a95307a955a6168f6cdcc49aee88e1452c367eb2d15fee2f4ab6eab1a6a86fe9e7c34a2b517d2e219283fdce329fbb9189e2afcca034ac92db50c5c54bb140a737d65e2aa96975a426c9c5d6f0f27afb964bd00212d7c484bedd6df3b3f876faeecc7948bc4ba637db790cf7e263e64b716a2d8c95fbb07fcec68c5d9c005d4535c2076c84c965038a19e00152b78047d8d1611271c0e53bb7a2342ec65e3184e14244aa627a9c5621da2f00eb9903fcf4daa1d403e80d134fca22deb11737c75ebbab9f5d23fccaf819445b24ac57e7e88f9563d9ff82c7047deb8374dc2696093d4234a5dce679773c00d530753bd2f833b44ea03fd4297a5e3fb2697d151f19c7ae77f111b8d16ab998151193a45d152b48dad739df79fa39266e75c7e912f46d9c38dae563fb103ef3b09a5b5ff7738a2554bc605ced7466a47e3628e01c6cf5605ebc093c19958e11573ce71314937dc68f9ee37aa615e8e94490b9c9beabf92e1b6d111d080f8ee630d42a77265f8338bc449ad605d025c8fe99e0f8acfcb0bbb730bb55a31ce77b693eb96468f5c2047bc0f057fcf6d5f7e822a99be16b0bec1317867379e4a4388340b1a0663e66b880621aa628936af469cde844df8b367923071a48957c42d8027d882a141f53f8889a0f316b813d37be02edf17c039d89e0571899df10d0a656e6473747265616d0d656e646f626a0d322030206f626a3c3c2f4e756d735b302033203020525d3e3e0d656e646f626a0d332030206f626a3c3c2f532f443e3e0d656e646f626a0d342030206f626a3c3c2f436f756e7420312f547970652f50616765732f4b6964735b3430203020525d3e3e0d656e646f626a0d352030206f626a3c3c2f537562747970652f584d4c2f4c656e67746820343333362f547970652f4d657461646174613e3e73747265616d0d0a31081e9cd77060f19c29b81bef2ec3fc053dc4acfdf17cb5a2a63c5bf6a309fb500a56094a51a13bb880b958b47b8ebc2eea56e90bc9f16efa106966a8398e2d8f0d513295d6d50541bbf23deb8f9c2b581ef358c86eb42d4aa9998cdc8b4d2bc6ea52e0235d8624b681aa1d11711c4299245645227ff110771651e46e1884ffffaea2849b22c77e4641941a8c6776f6c7167980c17748939c9be816c518cc4339149251aaac154c701d6adddf0274cb545585e2e7acb3809ad82ff99e0bca98bcaff3358f8595e90dd23cf6545b8ff8fdc8257d2c26615eabd759dc4734c095282209efe9a4e2ec6a99569a0ea05e33ff7c943c0c0593aba98f85494e949a4db44e8aa18a4ea42f97a8c039a20e2a13f44c99a8987d29f65b618907b6f8bd136ec0e8e1f5ddd1d518b574c2327f5d414f091eb691a6f68efd308cd9a838617baf28d61ee33425b749d6f5ede0d41e15a2a4b86a4475a60f0e74cd352d20adbafdec13a5be2489f3f8b580fd9ead083378eb70078f5d33b80fbccbb13c0959800346637ecf02ba4deabee2fb1443cfa7e18b290e3e1d42f0178ad62e5fc7795585ebfadbe460bc543be8a21d0147b82e614381d70eba47c9ca7e4ca23e20b181a30dad68527aeb154b19af93544125824db99539d960bca0fc8828c61dfa21cd3bc2efa7667b560398ea03f489637c8ec6107ce4e7708d50524ee5a8bdb91537c393357949523a4153570f01a84c2bfe8f63649f2e5dd95c4c811a63de53faa19f51759267e4a17c851d32dd4629551bd3134bc756be1a4070c3cec8376e4e3ead3f1eeb14fd5b6817831bba6bba3d08b1741160b26a692d9d50d012d175c2aad13950bc7e2e07fff855afd1d1fa36c9a33faef316253f31333070db42849a2227fe3fc48d78c3d04add83a8ad18675f7f19c7333fa11b1cc44039c3d0b9acfa10c1d68a3375d011d0464a3102e572769e98f7e818a03898d4d1d49c5ba097ca281dfe56de791a71653e56bd09432a0acc270bcb0f4b8f038420186923043f8b4a1d237364b3591c707a0c78f8b798559f30ab8453c2d537d940e4bb27e0b5d8b6634e8a707cf065920f7dd027bdd7bd9e922539e7877c3dfeeee94f86b43ffbd1bcaf70a7665b89ce520b28add91ce666a00a4a8ab70eb44f7c234d1feb63c3493f9556fc6b9fdd5642173a444449695f09635dd4458b5366629d7910c886068939f9632fe2714b974de757fc82b7baea924e4cbb7de573ff54bf1b9f41b85070db6b264bd21c8932badfd4e28615936eb2af1b4717b7568ebd00a2fe5df194a8fd063c4603ddb98c4da61366b12cd9c493122d6f7ea25144c48eb1fe4d809bdd90564e4352499ac4d59ea39f90f7d6b72a3bb06ec834c76a09b858b8ee55c2a443d3d4c8d6a2a7898f687d5f1ed407eb23de50865d12c212a047ee5b3456a3db8389b3d8d68c24c337f06228537e4a8425baf7f868183ae43a9da81060677418862cd446a82b8713e06b35e55ad30dca084d87944bdfee5cf26b1ee2c68ff43efa974f9bdc6e83a7cfb666e196a4d8162c9a56ba6819911f079439358d0d327debe2bc25b16ff0151726084ebcea464c36803c2d701d6014c9e8a7523530e02ee27013d04e4644ee6ef9025e5b79cc12e7d7a8b7b6709620c2a59480c1eeadc7eaeb382c9fb595278683098f3a5e4f688eaa297ea4ea0980faaa11700a4803e1f09154aa526b71e1256cff4cf78d9a0378456a67a2d312391b4b1b969986f8a72e87619b08dafa96d2143e52c8a908fe61710bee2c010cab503a011d0d9239f2ff9ce1e5b7741311e65cfa4d262fdb22e7479e765654bdd36dda1da963cc79d0ae6c942888ca7d327c3023f6039f2bda2a10c31e2df09c485a92446e0c151c997e07b64626899a52a27d2a362b561992ca88af7e1958f725f718fd459d585d32a8e14c443054b46e6e3a08a723c981b6aee5c8f6f7fd082da7ab3127d017ad7275a2ecc3db7c69c925f0ffc0e317e57bd6013a3d3d8d04f0ab3481a3fbedcc28020a55142fb543ed2f266da2ac39e647cd4e5c38c0f697e943cb52d65bb8e05d6d81ae746552dc1ce6a0b3da8e3879db17f8514321de8c15334de0dbb41fc76883f55ee63ad908146217eb591fd3d6b5077414b77deef7579ba1a307bc0fe180435495a6b03216bababa27e80a09d0c76c1d8f9b98c6d2b44df4b3c99a78389ff02bc9ff52c3ea812f483bc246dd987303ae31102a5781d1db3f4b17bbc295255d23e7e66c1618afa3880c3ed5bb5bb82af0b4ba2d29905b0b5f4e250dab4b94a9f3fb4a01231f6a74f6f37f92ccd1c138436a7056b6a4a61370857a0ccac48d50b7e66a84aff384230bb35d8a99d9c89d416878dcdd41bd18c4abd4a4cc5b0e0811add4e571becfaa96151b22f717ba9873cc9a1b2f2b7903bef0268640a471c8eca92a429ba3191ec4d5fe59f8364821ee7288527a3b792dcb0611f1af16cfd44f5ba2eea2152db6c70163fefce4bc8aafb6575b367044d0e05aa1c82bf009277d9f8bf8ce6a8c4333134e18e00c3438445fd960b5cb5a41796ffc07c4192e1870160bedd90e3d69d12efa41d8012e46049e454a15c3a92f539bdb748328068e84843432644d27b45ac6dadab65f286bce602f6bc0b96da28d2a75440c5bed0df61723dd060e6455d0921a2927fcf367ad07e324706c4e7255de34f1ef8d0f039675b04037d7709a53ee2fd784e7f95b3ae9e51a2c8bf7cef1e389f53fb6ecd2fb5515ee41435d43094051f22cf2851ab611a1b41496deefd42740db6f6c9a49412bd1e30a306355d940fb71d36c3461f4a58ac5ac5a7148d8313e5f35c5b947ae789dcc0700a6feaf29c2953c5063caa970a07ab0e1d6b0620d402a0941c194b7e256d6fcdf54d29dd0abbd40ca4e367798057503a46d61001b572fa4099c31c6c7f244ce59d626f2fdcb054711ac4baa432f24c272167fbc520b84e98ec04f926d5b1cebe3ffd9161db2cec36cdf510784042283165563e5cfac2d52e55ff7bd5eadab086e9f38d6adeb5d69a0526271681631ca2f60626a868d14b6adbffa93064a25cb57d744cbcf55847a13d009deffad01e09f1d0304d62b869139d0336f69ef3ae54b4257081099e6bd25128dd44b6e37bdf230d7fd12878b5659bb1616ab6c41992adebba767de878b7e56ccd1d158c103be51eebd324f82a0751a9bd7167357dba8892b75d40ed2895d232b8e59bac103d897e2a4fb0ae8ad09f41e872344ee39bbadba68c70e71afa62670fdbae91b7b7ea316c551739c3f6625ca45be0353cee825a81ac707c836486054c300b01e3685995d825d7025e3ff66b395ee20dc2549a207bbad326a1e80b65d20fdd9a124b42a2903b744e5b4c2784a3d9a493e5912b016a33df12f10a3c579c7ea6fffda974806761c892d603c5eaff2be453fffc9338422e32c36b930f3dfde837aca4af42d298a408e23aeff07209a1c63923d894220da2c5a2ac518f6bd80ba8dafc52433210f9c3f4983afd39bc4ffb0586030e368b2fb4e744fc2449f47d9cc1c966585b685ef81433f9b4917ee2694df97c6011fb489f78709a0a7489121df74ec051f787411dbc7fd9438c4d337ce7cd00b8deec709fd12ec3b44709026a321c8dc4e7e033b4da3794c2c45a4492f862c952e2c5362b3164a1a2dc6d6218759e2124f0f3d5dba1edd786824fb1a4bd9b238f68e293fed9a39e4aa8355b871c009c0a9c29e3605a3647507ffcd1652105e98c3728252bf70eb161b78f624824287b99b9baa5ee8bd89966c18c78756649ff9e9ad6a3520aa4e81f5b013b5d03c428ca364100c9621048ddc512e2d97d5324a17d67e25ca9feb0cf80917fc797154c8b96c754a3a8986e5f94904133c2e1d0e7aefaf89d4f80939ed94a10136765322e1df33053b13f0feaf0c4ecb9b6925d91b6505e358ec7682dca51599f060f75fff46048fb648f8bb12e7e95593fc259eed45e780a100f83b5ebda8c40bf79ac5437f32c7dc2265674bed425b57c0ebdcf94eeb4654be6f1bbec686d057f454bb61b8d240eded9efb4172c927529dc5720a069ca3157e39475bfa7c4d337c3d299f1a7a63a8c5fa9c3fbe32a087ca30f4ad33885c1d43d24e6865abce0ed1037daaf849c1fd21cc15e3e26efe8c73740a00a45527ac46f3b1a21535ffd286754b315228c7c3a6f8ff2e72aff6538c3b2f60d9e4b4f88074ddb4729385b6b6cc543c3fc1011e6d7145215a39a79c58255b2c82b2bae27282cf34c099227b303c77dfab636ea0b9f2065a7c4f51bd6b753357779ec9364785f4ce0a870e3ebd84177040bffa72be921e9944ae1e758493110fdf87196d4ca3ab252ef6e2d0739c697e9770c88697d1ba48f78f2ef4ebc5b63929d2959ec397f051ccee95386f80aa1caf3b2e66a1c2bef6d5c3100b83198d03fe958000b0e5b54ac089ce2348efceb7cc40be547dfaa7092d600d55d42c302538d39ae095d48c74d9647a96702aaa5370ffbc3821d9f332bd21612ebcafa9efceff09b373129b5ec545647eff736d315841084af75e781a4538e12d75862f5a1d898e418a7d4be9b11c358af6f222d71ba44f3a399fb357528a7f8519a44b6209b6a8bf4cc47f458c4eb451717ea5fb15dc6caf0a5c17a3c1e7c7055f5bd0534b3cd3238bcc0be7d268fee3e27f93776cc278dd149f591a7b1a07aa88dd3365a8ea9f70c703ae0ac1f2f659e3088d224d22c427d38baa2179e8e89025dfd983e0f2e31a0b9ed129ca755035e7fa08d83a23f388663416a18850492d84490f966cf0e751e3770a545f0edd435bdd431561aea928ffe82d40eff87dae1d5d2279149e9aea305fa0f4ee424751ed95485bc09ea2a44a61e0016305259f3bed3285a6d14ba2b7d79cd0f3cabfd26666f2707b5492cf9bbe64dd8a3075a915420d7e25878faf25e0ae69fdd7ed9ef633c843fc2e04d95ea7acaf59db43727b89b4d141548498407747ac4cc1213aa92a78b24fd5b2b1467137b75fec8b4589747e8172e4bef874de2a056c81ae544c18e4b194d7b0aa15335c84a9ce2388b9446f5b989b1e81a449bea3289ce1fe936e238369a95d3bb48e2bef1f4258464b9da7d4f66b273e932f900dbe185d15ea1e8f19ba5e2721e45fb77b445c8e7d549430f0798eaf276e70215738131b713dc238832a61efdfae7202349b515fbd83d35a64d158dfda89d6595b8c77d3152fc511077f97a47192ae77ca53f66234d621e684c6e7f55ee94dd26330e8ce3118fa9bcc4d232ae0ece1a6df65e7c33c2f0f9bd11364e3f887a4b2d56e233793d0219cca7df14dafd0985510c31a232d9561258469eb32879163cc19726db8f068f8267c80c3fb1183d6f209a0152e81625c4755bcb70ff624c993c0f1deb453d69d2d2c00a26f1a95448de10968e2307f16d13924943986b6f22c6551d580bde984aed9e8aac381ba8dee49b31abac0279e93742a8e2e688bac2b1cae3ea1d0cfdb8869df973f2f371312174323426d5dad23c62c9f8e58269803284392a6a90a672b101767c17239110803e633792e6bb1448063f7ce26c377fa11a1b3e957adcecc48c73d19e1c8384dc34cbf9d484c8fd9806c8183a45ab2fae9e782d1b48b8393c4ee4f333b7cfe1a33fff8489180342fba203cbcd76bde0bc476eddac5bb996dd67994867cbda04895c6ca74e3acf89d30cff8ce5c0896d48c5101f4ba4de0aba4e530461753c10ddc139a5cb61ab330504d51bb3ca49e0ea2d9b7ca2030c8ce5e104b20f8ea15c04989f3c64df46edc7b7588b1fea270ccb471916d624545b00af5415791fae2227bba9140130bbf0a126aeb3d1914495b111c5b2a583876aaa815cae1ac1d95f9a98ee2605cacef09a2ce93c97ba10914ee54ec27db7cd47de74f03d14f0954aa4e4948b44a79a27643412c2e3e05488198cd7595d6ed990660c43f14091f3528c9a608144cb5c57f3eec645ce21747eec704af229980ccbd143b19efaedd91a18aa3db61db65eb603fe5c8590f2472ab78351a673ee8e6daee3d9ad2e56b644d988de855cbc8d9e38cd7a3b482bac9d75e32381e7cc8be97f71ec26db72c7a8dc2effadc3bf95fdec93add50547f69220d0a656e6473747265616d0d656e646f626a0d362030206f626a3c3c2f4372656174696f6e4461746528d0eecf3c7a2d3ade7875d1f7ed8d42ce19807b13f6b3e9292f417574686f7228cda1966324354e8d382092b6b4dc1c8a14df2a1483e7bbab99c8d904cf292f43726561746f7228d5b78f635c28747ec81805a68fb8d2178c14876204e8b4eeae97ce903cce8808292f50726f647563657228d5b78f635c28747ec80c5c2893b6b0d51e9b46907b1af6adfbe8d0ebd905c5951b77f3292f4d6f644461746528d0eecf3c7a2d3ade7875d1f7ed8e41c819807b13f6b3e9292f436f6d70616e7928d3bb8b69387b678d2635c0adbf992b8b5fdf22292f536f757263654d6f64696669656428d0eecf3c7a2d3ade7875d2f0ed8b47c8292f5469746c6528b484b94a6a416f9b3c61b0a3bedc293e3e0d656e646f626a0d787265660d0a302033370d0a3030303030303030303020363535333520660d0a30303030303134313135203030303030206e0d0a30303030303134393635203030303030206e0d0a30303030303134393938203030303030206e0d0a30303030303135303231203030303030206e0d0a30303030303135303732203030303030206e0d0a30303030303139343834203030303030206e0d0a3030303030303030303020363535333520660d0a3030303030303030303020363535333520660d0a3030303030303030303020363535333520660d0a3030303030303030303020363535333520660d0a3030303030303030303020363535333520660d0a3030303030303030303020363535333520660d0a3030303030303030303020363535333520660d0a3030303030303030303020363535333520660d0a3030303030303030303020363535333520660d0a3030303030303030303020363535333520660d0a3030303030303030303020363535333520660d0a3030303030303030303020363535333520660d0a3030303030303030303020363535333520660d0a3030303030303030303020363535333520660d0a3030303030303030303020363535333520660d0a3030303030303030303020363535333520660d0a3030303030303030303020363535333520660d0a3030303030303030303020363535333520660d0a3030303030303030303020363535333520660d0a3030303030303030303020363535333520660d0a3030303030303030303020363535333520660d0a3030303030303030303020363535333520660d0a3030303030303030303020363535333520660d0a3030303030303030303020363535333520660d0a3030303030303030303020363535333520660d0a3030303030303030303020363535333520660d0a3030303030303030303020363535333520660d0a3030303030303030303020363535333520660d0a3030303030303030303020363535333520660d0a3030303030303030303020363535333520660d0a747261696c65720d0a3c3c2f53697a652033372f456e6372797074203338203020523e3e0d0a7374617274787265660d0a3131360d0a2525454f460d0a, 'application/pdf', 'admin', '2021-04-29 14:10:25'),
	(11, 'TECH0000000008', 'DOC00000000013', 'Leave Form', 'Leave Form', 'pdf-test.pdf', _binary 0x255044462d312e360d25e2e3cfd30d0a33372030206f626a203c3c2f4c696e656172697a656420312f4c2032303539372f4f2034302f452031343131352f4e20312f542031393739352f48205b2031303035203231355d3e3e0d656e646f626a0d20202020202020202020202020202020200d0a787265660d0a33372033340d0a30303030303030303136203030303030206e0d0a30303030303031333836203030303030206e0d0a30303030303031353232203030303030206e0d0a30303030303031373837203030303030206e0d0a30303030303032323530203030303030206e0d0a30303030303032323734203030303030206e0d0a30303030303032343233203030303030206e0d0a30303030303032383434203030303030206e0d0a30303030303032383838203030303030206e0d0a30303030303032393332203030303030206e0d0a30303030303034313133203030303030206e0d0a30303030303034313437203030303030206e0d0a30303030303034323131203030303030206e0d0a30303030303036383830203030303030206e0d0a30303030303037303233203030303030206e0d0a30303030303037313732203030303030206e0d0a30303030303037333132203030303030206e0d0a30303030303037343535203030303030206e0d0a30303030303038313736203030303030206e0d0a30303030303038353636203030303030206e0d0a30303030303039303636203030303030206e0d0a30303030303132353138203030303030206e0d0a30303030303132363637203030303030206e0d0a30303030303132383033203030303030206e0d0a30303030303132393339203030303030206e0d0a30303030303133303732203030303030206e0d0a30303030303133323038203030303030206e0d0a30303030303133333434203030303030206e0d0a30303030303133343830203030303030206e0d0a30303030303133363332203030303030206e0d0a30303030303133383138203030303030206e0d0a30303030303134303339203030303030206e0d0a30303030303031323230203030303030206e0d0a30303030303031303035203030303030206e0d0a747261696c65720d0a3c3c2f53697a652037312f507265762031393738342f5852656653746d20313232302f526f6f74203339203020522f456e6372797074203338203020522f496e666f2036203020522f49445b3c43323146323145413434433145324544323538313433354641354132444343453e3c31353334393130364439383544413434393931303939463943304342463030343e5d3e3e0d0a7374617274787265660d0a300d0a2525454f460d0a2020202020202020202020202020200d0a37302030206f626a3c3c2f4c656e677468203132332f43203132382f46696c7465722f466c6174654465636f64652f49203135312f4c203131322f532034303e3e73747265616d0d0a303ebf650d7386669fabb8222420ba83199f0834347d329ad440599519a8d7c72c288c412d24c8c7dd8aebe2d388651b61892cd2733c571cb2abe4d2767b007238b8206f2a3dcbeec1979c0935b4780e160cce263a918a821932621dc16e753a7fc298b2bafa0b2f6e8de2bce6b7696796a391b1c512f40f335d450d0a656e6473747265616d0d656e646f626a0d36392030206f626a3c3c2f4c656e6774682032302f46696c7465722f466c6174654465636f64652f575b31203120315d2f496e6465785b372033305d2f4465636f64655061726d733c3c2f436f6c756d6e7320332f507265646963746f722031323e3e2f53697a652033372f547970652f585265663e3e73747265616d0d0a78da6262626460626060a4370608300016d9005d0d0a656e6473747265616d0d656e646f626a0d33382030206f626a3c3c2f4c656e677468203132382f46696c7465722f5374616e646172642f4f289ea29afd75aebc39b05e23dd1f8e6c9d6567645c6eec190c3640b3c8dd979f0e15292f50202d313334302f5220332f5528e3e350bf2e72a9b5243fee704da4ec1600000000000000000000000000000000292f5620323e3e0d656e646f626a0d33392030206f626a3c3c2f4d61726b496e666f3c3c2f4c65747465727370616365466c61677320302f4d61726b656420747275653e3e2f4d657461646174612035203020522f5069656365496e666f3c3c2f4d61726b65645044463c3c2f4c6173744d6f6469666965642808cd51aef167cf515be5ec71ac69c357293e3e3e3e2f50616765732034203020522f506167654c61796f75742f4f6e65436f6c756d6e2f53747275637454726565526f6f742037203020522f547970652f436174616c6f672f4c616e672809b94ecb92292f4c6173744d6f6469666965642808cd51aef167cf515be5ec71ac69c357292f506167654c6162656c732032203020523e3e0d656e646f626a0d34302030206f626a3c3c2f43726f70426f785b30203020363132203739325d2f416e6e6f7473203431203020522f506172656e742034203020522f537472756374506172656e747320302f436f6e74656e7473203436203020522f526f7461746520302f4d65646961426f785b30203020363132203739325d2f5265736f75726365733c3c2f584f626a6563743c3c2f496d3130203530203020522f496d3131203531203020522f496d3132203532203020522f496d3133203533203020522f496d3134203535203020522f496d30203537203020522f496d31203538203020522f496d32203539203020522f496d33203630203020522f496d34203631203020522f496d35203632203020522f496d36203633203020522f496d37203634203020522f496d38203635203020522f496d39203636203020523e3e2f436f6c6f7253706163653c3c2f435330203434203020522f435331203437203020522f435332203435203020523e3e2f466f6e743c3c2f545430203433203020523e3e2f50726f635365745b2f5044462f546578742f496d616765432f496d616765495d2f4578744753746174653c3c2f475330203638203020523e3e3e3e2f547970652f506167653e3e0d656e646f626a0d34312030206f626a5b3432203020525d0d656e646f626a0d34322030206f626a3c3c2f526563745b3232302e3638203436372e3838203338392e343631203438332e3835325d2f537562747970652f4c696e6b2f42533c3c2f532f532f5720302f547970652f426f726465723e3e2f41203438203020522f482f492f537472756374506172656e7420312f426f726465725b30203020305d2f547970652f416e6e6f743e3e0d656e646f626a0d34332030206f626a3c3c2f537562747970652f54727565547970652f466f6e7444657363726970746f72203637203020522f4c61737443686172203132312f5769647468735b32373820323738203020302030203020302030203333332033333320302030203237382030203237382032373820353536203535362035353620353536203020302035353620353536203020302032373820302030203020302030203020363637203636372037323220373232203636372036313120302030203020302030203020302030203020363637203020302030203631312030203020393434203020363637203020302030203020302030203020353536203535362035303020353536203535362032373820353536203535362032323220302035303020323232203833332035353620353536203535362035353620333333203530302032373820353536203530302037323220353030203530305d2f42617365466f6e742f417269616c4d542f4669727374436861722033322f456e636f64696e672f57696e416e7369456e636f64696e672f547970652f466f6e743e3e0d656e646f626a0d34342030206f626a5b2f496e64657865642034372030205220323535203536203020525d0d656e646f626a0d34352030206f626a5b2f496e64657865642034372030205220323535203534203020525d0d656e646f626a0d34362030206f626a3c3c2f4c656e67746820313131312f46696c7465722f466c6174654465636f64653e3e73747265616d0d0a1b9f32794809d41f8d8727743cb3a879a3800ded2ac91830ac6b37ca9d15c944c38917e81cd2bf7d47706792d97205511555e564d8781f09e0675dbd82af9c957be3f8081c1fee6c63d1e3c6cd8b76ebe29f068769df8bbf36ab29aa44f8d8100f1b95ddaa0ad9a430c63a37ecf1333700e23e02c93871dd2acb44c8ff218ba874d988deb3929b8e8e2a1df2cae8777e16b50c8b539df5e05fb3421c436a1315adbe801150206fc158b5bde28e0ebc42d15a1ee9f5463846fb29e8eef0fa1580dc039b23d9d92cbdf39b6a38c6e79ce423d61c1ad25f0b711adb9b13edc08ee9283a035e1e7f1744bc315448234c9577f608644f9db95af12498aa21b5b0362da4e73bf343a58b66dd37c5aa9ed38ae13b24d9c3cad8d696fccabb3d696cb414cfaca9a3cdda7a4e5790024cd36e3ecb675f60ca4c068e4c7f23c91526a7d5ac0f87630653d0e3ba2e5863077b44d1569432234ad7613a3e3fa6fe2a911ca51410c7f3633778092388c133493cf91a5e851d6326777039e1f6dfc357dbdfb69a3a7f8813d2996dd303b3b30a9c998d91aa0f0cfcbb6c18405b01779bf0283e162bbf7ed5dadd2b3ca79c2174fc5ab26d91ec3113f8e66e527dad357cb6fc46708c24222a527bbbdd07d251a2636d436c7fe6633c897b7e75fbdd4efec0f5fd38e3c188869ef92e1045f07e05a1ef69288ae190606ecac23884b7aeb9cb973d77bc1aa7f3cc0a5c5539d0d6c02a9798dd6f9c4ece80c946db9e0ec8412facc1aa52d0749e72907c47fd5ea22b3f1af413800e551fff1fdb5c7515cecb5f0c454de68fd9e485a90aeffa87d66e4f0960a2af77a456e24d7bab7c77739e759636d0fea847c40ded0a30cfcdf6d8f424158a1ca767c9302dd7842909a47c164b307a913480745d8f391fd27d8e8f482c136b9b7282ea2208a968f193364379593484a988f6e6cca436f66d65c6b9af0f7cf497d12546c4cb8effe8822ddbee8630b8214aaa9c444691787fee8a81c4d886555c5f5bdbb301e9b6890f8478a5c7431bd29b388f0e8ffacb2452fb4e52a7a71e351ba256883a38114230b16de13b13ed35e289f93217dc9c299087a5e3fa3e832d2bf7dd41026a04870a1a2912e5ae597dc000cade8cd409fd4d09f066455737cab17f96a3779af24b6ba4a8cbf44605c01b539c6f3027445b778b5e0c33631f80fb39b1ca2854ee9008995de8e5074c54b71eb2c55eb40021f95ec875bb517cced1de7c30e872d8a859154f8c6bd589ffb1c200871e0f28683b2433b0fd316a550448accb9ccf44b0e2002821066bf951124915138120dbd6e5b2b1221a9c2fcd3fa10311eb058a7944b3daa0dac4fc5c43d2dae41ea8daf6fab32ff5cd35fa72fcb05137cb57b5dfaa84e3bbbdb81515b994d4138a694d01520f88aaee9efca66ec82e7f0545fc234e4a20237681810aca1053c4bd6be372ade16a997a11a017e66885f001f456f73050e5ec8e725f23b85184a898eda5378b909f7fe7013300faa11566b2c073317dacc55074ac19a21cd5aa7d506938c48cabdee78435cb9555f6bca884760d0a656e6473747265616d0d656e646f626a0d34372030206f626a5b2f4943434261736564203439203020525d0d656e646f626a0d34382030206f626a3c3c2f55524928542ca8b16a75c5b8c37a7e5c72222f4480bff10262070bcbe12adbae7f62276a292f532f5552493e3e0d656e646f626a0d34392030206f626a3c3c2f4c656e67746820323537352f46696c7465722f466c6174654465636f64652f4e20332f416c7465726e6174652f4465766963655247423e3e73747265616d0d0aa1e829496bc593de9a19dc5654ddd97b6ad6e7cc71993c9ed04a506ad966cb287a34179f54dd30deba650879c241734fda17d7446ad78073959a5b8a14037e8b61ca78554e849288ee2ca1536672ede6457f0e81b1c6dd24e1f15a51acc9c6d0b8b276dfd2575560d1820a8cff83c02194eacc02c3c46d4d78aa18be99edb77ff0e562ca4ca3cec9149ae3f9a91ba4df7f98226d63607b86dbf8201e05abd3a5019bb190eb8d2904dfceb87def2c358fc5488082c106df102a6383e5e4577b7f1d1f5a424d992f488f56c3b6a7507e9b3afb45c91941fdf08e8b0007fe5b3dc2d530f516b35b7d1df9639d194b91d80a93ae34d09f6842db8078473abd935ad1ccd7d3b2276d40aa6ef45ee3e18adeab75294580e4dfa2c35bd30245df80ec858dc4c68a1f3230d808c47937908e3be4b0a42ffd6cf8d4fb4c4d787720f0cfcf536d87fec7f73420d8ef53f5f61575d94ab63fd2d12a15215955ee2198aeb1c29d33abac0886ad582372eaeb5ac4e2166f3df0ac38a4e13236edaaecf00b491ec9d8d90b77a4e5d881837a0c9ab5e4b8c4442043f9345d4cd6ac510b9c44bb37e963e4ef32e8d6f57c41e90a15ded5d0d43f316ea7676f921073bcb9a224621fdb5c098a76b9959eb76a55dcbbd6f48d37779d1878805b4a583f5353922c072258c66e2dd5ce2e41c38429abd175e324241b6eeeceeddd76a747f1dbd6b1d3a73ca650f790cc59f5bf035717d05eaee7aeac625be68ab4f3061154befd49058c389cb33eaa558848a64483d1c48fc2c534b54fd162ae863b67792795bafac9d5ceda1d3f67ab041ddda8f18c60bf13a037af81aa87fe9702db54a93125f4688899c6e7df4ea7d5c5b4ff9915b55b72d96181e1123103f4e317a5a3e0d45e43293abf692d9ee11f5944529ad702311467baf156502f7bbfccf06b4bffa12a3cfdb7a2012b2c038740e3ec497c989c07842facb3529e8d800292d6eaccdc80a1ebce47ad198912bb987a3c5d232fb00ed1b728bf5346b4bc890ba2f68c00d5f35a1dd633634cdc12a48cd90a426d584af527df36f5ea07ac6abe195bba988c0b00dff9d03ea11a1bb3071cfd641cc0ffc737d9524ca02a5d691bfe5c8be3631338e69ce79d950a8c5d4065cd462de6cd45aaae77f13360b664d9b979d4f07352fc5727c11155341d21cde15c18716b966be56e9ca9d0aa3b2048f60dd0a844469301c2d5941c7f5de711a6e628b272cb7edfb266870b7bb1d1ce6d2a7c06040b0687ed121d086046c28f8c9e554a053814da93de30a4116344039a94e9a17cbfb329dd716ba8ac518b43763de23228d7e01a8f67b93f84dddfc70b1472493b36f687ee4214e19629ef5e064c68ecd9ecafd9d6b76a3c253c5462c8e7d57ac3effd1be8db405347058b119afbc35108de37d3aefd1047e3cd74e82836d78d30f372d4a9b88a6efe534ce4589be69c44d1eacc6d151f28669a05816e7240ce640faf692973c8dcd787d82500a065455f275514602a3b81631ab9d959966a02460db4225cfa5c30da3e357069fc57aad38a624daec14675c4b26c1e8e2c601460277fe4a00e552edf025bae2ff30db8eab5242d6b4be6a217e12c8ea4c6b2baae46d997164899a7e934691d890c2c84fdc733624aae19aa4e2ce5b4d7fcc4117ab56bad6b19bfa6cc60ae2552eff0987981b1d6d912056738f2a7e57c38e30f8a3598db48703ec52413431a066e889d254258ee85f327864f4e778e582eaced7db5a0468bdc8bdff7cd0c158357816f5367ba436ae9c9fea10e281f7ebd0b775529d935c7a4c670655155d22238b8f1543a817c6820f6033afed9b40b25ff4e6d3a172095658e79b4b1bf9bb402d36b6fc044308931d3e0cf5d8f24405e16dcf2a4ff4a4a7a91f65b6b9704de5606dfaa6451e15efd58277c447d101e45fca9d984f09365fbb0a6fbf2a2212490d76a64127db0544f5aadb7f5d1547cce6b8f72f5e38c2fcd45821463de78d1d5cc844bae5fdfed3ef9392ec78722c3b6a6773648e48857e158d3b40ec0c11318787f7d1c998766e93cdb1be1b29fc01bf4e5d97ba1a8e9e1b328cf75478b7bab8e9b61de4c6d8078ba258e284824453b2afa9026657f3d4c508a2d3c8520fda53fec7e7bd3f43d1124d56cc7b7f9bb0bed1f738a406a564998f58aed4fcf14a714d62a48840ab8684d0839ddc393b39899b3eda12135787cd16d216d5f711ed7866b6f2c5de1401b84a0ad38546ca640f384f99504a624427cf0cbcd4920656aa92db1e0c7fb4c43c2e199b4d2065fb14ab3330841a83f1e9c54fe48f24f2dc91d8521e14b03cc24ed1cfa3f06ab2de7f8f9fdd7a7fd0cf2afd1504ac2ace914b66d26a83cced7fe9d226c1aa093f5e7a0c7e1bdf2b34c1beaf05b5cbed45e1a0ac6c7ac76c48ab13766b13ad675dffb4be50c3d09c966b47d5e31c5a8136805f2d67c9f78baa3f952c3b4dca77c685454bda5125c2cf4a4c2b9e6b66807f74edd6b1a54164aba8e394e262da888bd606a0e763d3ea046abf4da7000612b2dc0f92621289fad1cae173e4c7d9fe08f2bb142d4fc98a5f43c6b123e82cfc4d09cdc2457abee3a4c2d70ce896b0b29de0a5653959f42b85ae02f6603da345109baf3037c821417fd5085e97d24febacbb7033de3b094a2d609b56f0f20f537e057ee468b899caea56c2c2fc7b8059aad5cb88abed764243c8aa6046ffcbe8badf7ad4aef9407dc4e6b9f55adc2f2243f00dd05b845bfb3f66a6f937278f984cb2b85945dfe15fe0130d21017250161eca99fda3dc048c3827987928e3bdc414eb65d4e0e1c2d6ea14423795161bf88eb222e205ce302e22e1078b02571c1d0fa4eab2a42d8c73bbbabbf55b49814cd792d356ecd09bfc999ddb54f041b110ec5671ea4ff7e460da943d95ef0899762e43c8da12ad911f0b0787c2323876f1c9b831438cbd2a4cefd01c6664b790cef5deb441cb72b05f8e039693aedf73152a87e0d15c359f0566dc8efbe768a0aee5b733fef0e3ef964b60978483420d979a71be06f53c445494a8a6e736f324e7612a494b0b30401c6e64505d8c43152ca827e3cc73f0b246dab67966b9f6b728df54677c1050bc0c64500fc29256e06e275b3d5379c8b92ccf6064dfcf44681c8d90ffca6259ec0188568653d224e678510ed5666d756ad4387fd2163fb67745cec456b8c20e9dd26b51496b7fa6391cb2540aefd32da045edd4012cd0a7685826acda5e74701d8a43ed220ce133f873f61e946419b3fe2f88c9551ed39cc5cb85859a0f0a882e4cecaa6efb7dd00b0276d7bf781c439b247404b36a7b77a468e3906ad97b4facb34f82e4143cdc76470bbe5ca16ddb5aeee9ae3196840360af47fddf29c0f85b0eb2b4cbb26ee7e332b27b2e56c15fdef45b5aa26cb3ba30db9f3ad19cb8bb8870e472ee985be3e1c5181010d3e87947443d65c50b0c124ca631fd2054d8413657743b09a3b06dbf2d1769bfa1ecf8cf1d0b1f4a6c6181f601f3575f121d274be95b7c4637560d829e292e075453a746ad6ba587f022db3a21dcb90e88e5b2c50a032d01aef7bedc976300fa3c375fd2bb8d79d25c70cfc9d02473464e86f13a19648bee158671c6b033bf61edafb730d0a656e6473747265616d0d656e646f626a0d35302030206f626a3c3c2f537562747970652f496d6167652f4c656e6774682031332f42697473506572436f6d706f6e656e7420382f436f6c6f725370616365203437203020522f576964746820342f48656967687420312f547970652f584f626a6563743e3e73747265616d0d0ab4a3abafdfad62eb37712335010d0a656e6473747265616d0d656e646f626a0d35312030206f626a3c3c2f537562747970652f496d6167652f4c656e6774682031392f42697473506572436f6d706f6e656e7420382f436f6c6f725370616365203437203020522f576964746820362f48656967687420312f547970652f584f626a6563743e3e73747265616d0d0a13bcfd7fd32ffb9d57aed2a55985fbc02e7c220d0a656e6473747265616d0d656e646f626a0d35322030206f626a3c3c2f537562747970652f496d6167652f4c656e6774682031302f42697473506572436f6d706f6e656e7420382f436f6c6f725370616365203437203020522f576964746820332f48656967687420312f547970652f584f626a6563743e3e73747265616d0d0a761b1da8edc38f0eaf930d0a656e6473747265616d0d656e646f626a0d35332030206f626a3c3c2f537562747970652f496d6167652f4c656e6774682031332f42697473506572436f6d706f6e656e7420382f436f6c6f725370616365203437203020522f576964746820342f48656967687420312f547970652f584f626a6563743e3e73747265616d0d0ab51eed01aa2723ab7246e3dbe30d0a656e6473747265616d0d656e646f626a0d35342030206f626a3c3c2f4c656e677468203635322f46696c7465722f466c6174654465636f64653e3e73747265616d0d0aa260f1fb2b6ad9015a3af66311ed788d81aebaefa031571366cb3d4e4ff225b77a0e66b30d94fe9c8a2bb15ddfc1085dbb6757ee20ea0bd185fe94a21423c860dac46c28ff8eb70e1c97d6b2cdc366ee292e94e8e8a0497a39de2a11b58d7f3af0aeb4d3f60f5ea4f1a8e8ab86aaa091d3d3fbc8f4ca840510470427e754ff19ba30871aae1901e2685161f37381ee5eb4362b7c7eb5e31769e939c077fed2ba741d4746db6f3b286f69f77ebdc3d65c1fe62532a1a548fafbb9a212b9c94d24323d1e882d18453182045f4ce35ae7b499f4ed9d93953b8c5b8a9569a5925324ea34c26d3e9d60961fa8455674314c3d2bb7a6fd19e6ef4f6cdb7ee0c926292c87e389e378c5a676f550904869dfa37cbdd7c6b8dbedf51107b4778b7d5ab075119b9d6f9826eb696ac7e7a650a0bcce27707b22b4b81ddff01040f2dd2561e8f2abf2c965698d0219576a784f4a6b410397cddec24dd698e3d4b98838469371cb6a367e251262acfa193baacb773c5cb03856b4d2df6469feee41c0b6bb10d6b6ac9e1cafd26cdd43a0c913d3d554f5f443a8fb1bc020108651826e5e1dcda969967b3a76cf847cf0d8badc44f8edc4822ea8cba35bafc3ede2f21071958df7e4b40da8c444247f9df05869875671154620b289b091e25412a4f0881419112619f9435eb76b637ed6a9194bdbe95add6ac5df2f5f5f1b96d8a6f0a1e72763fb93f8753bf7d1c244723f80ec5bcd1849c13e4a340ff13a4c63cde6d5310b572757aa8a1a2d3f0599beb48dc311cf030d5f56fb4ff3b77c25099ac236ea907c014b3fbea12193b1849028b3ff027cb66135456de3583725949fff76730e889ecb5bfbb85fde746b70af05ef07e1f98c961bf6f959d90ac2cf89dbeee00006ccde55914a21a8d399511a24b42e0d0a656e6473747265616d0d656e646f626a0d35352030206f626a3c3c2f537562747970652f496d6167652f4c656e677468203235372f42697473506572436f6d706f6e656e7420382f436f6c6f725370616365203435203020522f57696474682031362f4865696768742031362f547970652f584f626a6563743e3e73747265616d0d0a1a68853663bffbae0780f60215f9f9902b44c5d8e4ea022c5b1487c8e2024c76fafcb2b823ce2c3ff67bb6dd6439a091b25bc98c044d2ffa8db157c8b65acec8323d9508525656314b3148de952147d578e53ae7fc84e9594184586bb5fae4493fb44d3e67e6af67a21ed3f14e53fada7da09fcb5b7d9d5e9bfebfa7b9a75d0a855222baaa99dc2d464cd41064506f53c9d4cd5c089940716e436e023783a72f82fc3934e808c7e1a3a6a1db9705af287c8ccde21f31177364bf80429fc85c4c4c6e19abe94a13f7ad4b28177ed91d689febccebdaf7b10a30f539d2a61af06119f4eba4e6d343fffebe7462b9767ecd3af4f405a179f310724352588fc00f5f040d0a656e6473747265616d0d656e646f626a0d35362030206f626a3c3c2f4c656e677468203433312f46696c7465722f466c6174654465636f64653e3e73747265616d0d0a52a8eaf3bef35bbd1582736bd7d4ddc5caa3f2446749d2048689c5fae938af688c28852126cf2e12c75beb983c2b57f5fcd62d07b99fab866bd1d08aef4a0907495d2e6346d0a6e60e114f5d2528811a12bd8b295929ca58fc1ee7e17762c67fa693c8f7386569f7b23a7a0d110b888a6137a108cd2d8d87f665989450b1c4c6f0d3d860281bc5d5d4422aa42f929981fcc2d9c6be56f2812505fbab6ba3d0fbc0bade939edaeb4a0ffc2c35676b62ec1b4ad8d1397186447d107171cb2dff0796d4be491854a95812a651bd2a025bd966a61f8b9f93ee02500bd16bacad2978ecc798d1b13f075346a48045efa5329e5c2eacb8d37f4c5f748bcb0aabef61758779492fc76ddb1c5b967ba481fa789956a4fdf83e8f0ecf196e902da6cd6b05e4373bd99262084f649022456f757bc25d5b40e9dcb64b25023a877d2605c826546d35f357e842cc0623bb0d3a93d504720a157fe5df4e91de4161c75d815f939350b8e992a11bfb11f41f922695bf1182bcf7b5060355fb775ccd1197bc71310bf2766ac13cd8740b7d23f86afb7b246c5097e65598f1f036194493ce348a02ae3aef7d00fbbc2853c64e860fdb4d0d0a656e6473747265616d0d656e646f626a0d35372030206f626a3c3c2f537562747970652f496d6167652f4c656e67746820333239372f46696c7465722f466c6174654465636f64652f42697473506572436f6d706f6e656e7420382f436f6c6f725370616365203434203020522f5769647468203136372f486569676874203130302f547970652f584f626a6563743e3e73747265616d0d0a316d5815634d06c45c56b80bae3974866eca94e0f9229be81b927ca4b31f61760fcf6250ee841d1145fd22bb3313a055b8af3588ce1d61a2ce4f5114255149354bc27f2c33701c61d3ec25cd08820b94a978a0f47c97b13453fa100349e2b790b455a84e731270e410f96f22f8b36c1997fe0a13e9ebbb2a0d46bb68855e7df7bcdc22efd0db50a8829d6480540e1bccda38412c42a16e6bec41af0f1fe8c9bf13d21d9f61aca214dc5140465ad81bc59eeabc3daf176f9f72963f4416ef4b6b2b41c2a104a9a29300b8f2342414f86e93442b288d1b553464bd57bb802799f38316233fbd9d453b3eabe6142ccb9f8b40025af7a0217bd7ed036d074fa0ded3926c3cdb917758e407733ddbfa5df29216d49d2a1648f582be491f9eee1e019a0ce03c1d770cba03be07f55931dffe737b2f17d573ae479d72dba69898db1077112e59b826d50c6bed71070f4aa1888f374f7079748ec77830072b77579a7339cb531beae60a49c5b98ffe6452783be6e95738fdcbd435715163d460df0ca5e9b8a763bde13f3d179e2ebcb071127ed6da90f60679fa3ec84caf3a1f42858630ded9c33acac0aedbbae288ab1d06f6d80b52dcf484498ce4f65e985a7828834596b936c6559bcfcd1ee6876a3d65b73a3c211c0efc3f005de0be5847ba8cb34bc2ee59b9c980eae4d4d818f82e55c09a8f4269e4f697d115273b935d10153504cd5a02ae9963493d095f26ee968030a77f51333bdba876efcb4b36c7d481aad6f1bc836e0bf8f523814c15bff46af09c405aa3dcee4176bc457106cd9a9380937e9817f5dbc98f2c9042f770415fc7904bebee2a731349c02c35058d738d21eada36251bd3f4ac147a1f20c1cdcf0f7e1f788d46433445ad954f48a576e789ab37825749eab8831e584b476fd03c1939b04a8d54e0780a2d8a31b08586b6f2000832d93b98cb4112bd1bf9ffb8fdc5fcc87109fb1326a25030e8aa845d9fe6095ffd6f16f272908f30b38f812ebbdda568a5f3b950e89c2b54205ea1a07381b8478b548b9dbc971c579b9742cbb3febe8bf773781c6ab7bef75d680335ef6581405ccaad6c07df57e999a78606b8d4ec6807a99e1fab47ebb0440d0ed389a43e955c7d999bff80403cabbf49b03b27229f7e7891f8220eefe9213158fd1314baaf350c5630c8c6a940b65eb0b43c1dd8c5331f2c32acb5a089af9b89ed9f940da52477b8ea1d31c61a7c1bfac155c691eb35e499fbe67f00d3e16505c6058a37e288d06830f8bf7141d01733fcba767401c33d47ae8b9ac6a5d01be9b436bd9ead2c050c9856b03828ea4f8e74c475a283f99229058d0ec8fffbcb2caa426775a48fcae2c53a7d6a5cf4fe185818f8bae252defe4a9ea9991c087962f576dae18047957b09169ef1ef16965dcdf6bae61cd9529cf4c510c595043e4ed102e14be9644c672258047fcacbda0cf6250a2f2fd76eb19cdea443eebeca0d5d2e6121b454249731648c17ed674629f2b3ad3d967d521ce0f9141a3e0a886e485c6a0e0f2ee9d56aea1e3e97ff8f4734ed533b10e8b016878a8be0aa9c8a12fc928237d0a3b934c4ef800bf96ad85ae14781d7295afde6879838037be2779827b83490a1c439032cf3d5dad60ee300c27dad583a27e40af4ce2d90ec0995524b893e99c5e770e3fe29f733f616dd86b13b10221b84baa897353e6a92dd9b4d42f529d27250c6fac479e5114cdf05e41be1083a17dbd7495d2d8e92f8947c0a21016ab9ddfcda41504db655fdd8d4556354feff20cbbd7744e00cb275b9092262021cf16e3d25d8210e7a05613d71f809c23f294b95e0836568d0801135558352e954abcc3db959183db9b1a2a0518db5978f5a4d0a65c22fe203c0dd218faa69bcb0ed8c32d0afc0bbc8dc53f746876f3f271324c4e3e48b1a2cf6c02df394bc975b839b431d7e9e83aca10de45984d605f1a8fb05efdaf249908a2878ee8c1bf0be6d853bc194b1a05a67cddc8117dcfc8f736f56e9c3df3dc30ce16a166217399461a2a28b8abd46e6c02095171132fdac9903ac593e500f555ebcea1604aa36e4479cc782bebbfdbf4de03b56af6677bbd0aacfd53cd147eaa6a5df2a5ae8735df8d66d5a7708c74458fe29784e8ba1ee39a98fcb1fbf0f9202e33275f5a8bc86c3444f677110978630888af913cee798b43e971b4e02374c4d9c024934c6970aa3f83748fc92df0c10515dc2ef0abeb6e7eee168fc2174c7017dee6db5a1185dcf64e27fa202bbb559567f4570e0147520ccf0daf94840acae5c213a73bed1e5728c8f89febb5f7fc094dd10d229125ea7e299112a585ca8d0843738df27f33d1a791969e791aa96958b6e4ae30c18885569016d19f8ef972c3aef32032e1410d9cfb315579844d2aa942c7053b65e9c15373a108781242800e97b6c8d31a90da1fb5dbfb128e75a315a6dd44bdb92a49b7ae67cb61c21effc9a0cf4dd1548df28025734e69e1a02e41efa07010b9a170e2dbc34d1ad5175f72ef8b9f4f86be3b8dd9dc8c9205e6c47a0e82a2750de555d049bd90438d2278c18988b644b5a16de336df6035c3244b52908dd276567fa060d07b1259d04918b3654a0155f508fe0052a08e9415928e1631fcc50c0bc562ad7dbbfcfeccdffadba1ddc798b31025977690a74f313b1c7976f4d7a866b98e807c66a40838eaa63ce259d27df6518deee207894834b11c368496cba225a6afc1a2593aba988613962e0413a24df25561b719e70f7bba1018da837defa09f0a83e9ee61d6333e7d2f9929be0fa12e36fda98bf740594f619dff4c9a50bb6c625f47c38d11558f122610a4e036564dd4a63ffaac837f75746a9257793fc569ba9e4681cde1af9fd5675889574f99a23f3ae53aef6e29862c30ccf51116fed8b9c67ed55634a562e71a348c7eb083c15d06dc9a96953f3f2fc0d653c2021e61547121466b38986fe8ecaf736f7fdf6f1a376a74e482786600d32560a70020e3d23d32b91294f0fea7d429762cfb316350137f5c819ffe79ac271212cbbf565f1875c7ba01a94b63a83d416569427494cedf9fa44c274c51da61dae6da1dd08120b6188041e9b7b11280445fed16fb8b0b33601856a28bfc9a3065081fc23a324109ce6066bf178fb8173c857e8b973349bb360538b3049268fd13fcbe99a1ea5ae4fff0ecf8a8674eb8ef36e3bfab85b21ca9dca1ce6d31e1b7f9bcf85ed59e6e85801c4a424dc43d3d762db9b8c509be0dc386dc5ff6144d9069dec2d8d9748d6df4dd190fe6d30dee25fa1f96989d5166223908e26d3f62d9aaf4521875df2f5704091031660531e44604a8dc957fc9a811c0cda555c0838bfa7fbc1ad1b17ff73cdf29a73a187c12c13b442c68dc2207429c028c94ab7eec20290f65dc575ac0e73bdba76709977eb4322d5693ba5a57be05094de2d538c257c736a22f1f9601a5afd53e104a3ba1a6fbd25e5b11ca8f197ee09f9f4fd89dede8ba1c63e5105007309641ffc633bf9b9cc01d481878a70beba031859109eaf9e503ca306d7393ef812b7d1c0215805819f8ad00abdf7e9855b1034470794d70385adef962d3126046fe9d4b0e8cd878b595af58813916479a1ace9d9f905a7389b6dc281075f69ff1b878887d7420cf210bd03ba9053f1ee9e17552663ecf6fc0f6706df3d506690ccb8322b67c8b5255e1e3670266fac59da81dd69fe60ee819fac7a4708a1150975b0688866badd58f6c42ee7d4f49b03fe72100d45a12ab8d2b44e74acb7d37021653c244e5ecce22ebfe2537b8da39f876cb5177fdf78302692d9b5e8470aa22f68d81f8857918ad1125cee99772a02f4fbb447889cbedbc06bd4e0998d1b99b21166ea9c61cfae41e2f3a10505c14f990bd538826777f3b08e8b9f4b3061412ca2c47a2f58c4876544cd8fbb952185303dcbcbda00ef2e674bdfab28b18af3554ec03ff550c499ebf6c4ff62e926e37ad5e2882532703534051e86d9cf6fa6ef605e0d64c9481a1d0fe0e50a72bbeb6355db2ba151b289b5574e20217f23747074c8c2ae6817e4b52fedfa31c72fc173bb3fa313ce8248e2e627d108b7755c5f0098924a834f63166cc89adb580b1e2ba17364837ef8d1dc5d4fe8bbce87299debf065a86c7e34e348ae2ba772a2543f877c271529042211d38148ea104af768281652618a936e72ef7f7597a26373c1f264b774ca05a2de7255eacfafec41e15e9933c23087d5d51b57ffef5db0eb3afec603b96ba12733c1567a2e9e34062240d92479f9b777b5e5507a02f4fa4a2797165b77b2ed22b9ab6a64d3882564c4055aa46b6c9dbb9092f4a3338f0642584ae8211f2d43016eed47ec629deea46bc14a6243f1c4a854d5feff193c636fe4fa5311419f88b7fc706ba627698916ec484371049a38faaf397c97431d32fd1116efcbf5c0f79365bbe32880ec5170fe4d29c3499203be4ee2eed8ff4b14e130d131d1a834e498dd6adb42d92f715c42e673af3180233ae56005f7a22e5eaf434997234141da74ec86e8f25640f05ae2a9fc36240b726393cf6827b91f7dc5af4aaa501401bcf7f45c6b5983a26535598a3c6df805bbeab5affc8c755d3fd9c83a5962c35c425e7f325f1142e1d8cd2fdabaa088ff73cb03d272d33befb60d0a656e6473747265616d0d656e646f626a0d35382030206f626a3c3c2f537562747970652f496d6167652f4c656e6774682031392f42697473506572436f6d706f6e656e7420382f436f6c6f725370616365203437203020522f576964746820322f48656967687420332f547970652f584f626a6563743e3e73747265616d0d0a3747adf7bb93c82ee361daea91fc6105223d2f0d0a656e6473747265616d0d656e646f626a0d35392030206f626a3c3c2f537562747970652f496d6167652f4c656e67746820372f42697473506572436f6d706f6e656e7420382f436f6c6f725370616365203437203020522f576964746820312f48656967687420322f547970652f584f626a6563743e3e73747265616d0d0ad78fe918ac97c40d0a656e6473747265616d0d656e646f626a0d36302030206f626a3c3c2f537562747970652f496d6167652f4c656e67746820372f42697473506572436f6d706f6e656e7420382f436f6c6f725370616365203437203020522f576964746820322f48656967687420312f547970652f584f626a6563743e3e73747265616d0d0ab3770ece411e490d0a656e6473747265616d0d656e646f626a0d36312030206f626a3c3c2f537562747970652f496d6167652f4c656e67746820342f42697473506572436f6d706f6e656e7420382f436f6c6f725370616365203437203020522f576964746820312f48656967687420312f547970652f584f626a6563743e3e73747265616d0d0af1f030780d0a656e6473747265616d0d656e646f626a0d36322030206f626a3c3c2f537562747970652f496d6167652f4c656e67746820372f42697473506572436f6d706f6e656e7420382f436f6c6f725370616365203437203020522f576964746820322f48656967687420312f547970652f584f626a6563743e3e73747265616d0d0af7ff316a2d53680d0a656e6473747265616d0d656e646f626a0d36332030206f626a3c3c2f537562747970652f496d6167652f4c656e67746820372f42697473506572436f6d706f6e656e7420382f436f6c6f725370616365203437203020522f576964746820322f48656967687420312f547970652f584f626a6563743e3e73747265616d0d0a237cdd292677b80d0a656e6473747265616d0d656e646f626a0d36342030206f626a3c3c2f537562747970652f496d6167652f4c656e67746820372f42697473506572436f6d706f6e656e7420382f436f6c6f725370616365203437203020522f576964746820322f48656967687420312f547970652f584f626a6563743e3e73747265616d0d0a43a5b1ee09abde0d0a656e6473747265616d0d656e646f626a0d36352030206f626a3c3c2f537562747970652f496d6167652f4c656e6774682032322f42697473506572436f6d706f6e656e7420382f436f6c6f725370616365203437203020522f576964746820372f48656967687420312f547970652f584f626a6563743e3e73747265616d0d0a959dac2f660b01462860846ecab028d7aa57183c28790d0a656e6473747265616d0d656e646f626a0d36362030206f626a3c3c2f537562747970652f496d6167652f4c656e6774682033362f46696c7465722f466c6174654465636f64652f42697473506572436f6d706f6e656e7420382f436f6c6f725370616365203437203020522f57696474682031322f48656967687420312f547970652f584f626a6563743e3e73747265616d0d0a1c14ad9e4dea7a413dd5089c48387140fa09c8fb5f81708d81514196d91703bf9e3a46080d0a656e6473747265616d0d656e646f626a0d36372030206f626a3c3c2f5374656d562038382f466f6e744e616d652f417269616c4d542f466f6e74537472657463682f4e6f726d616c2f466f6e74576569676874203430302f466c6167732033322f44657363656e74202d3231312f466f6e7442426f785b2d363635202d333235203230303020313030365d2f417363656e74203930352f466f6e7446616d696c79285faf65cbf0292f436170486569676874203731382f58486569676874203531352f547970652f466f6e7444657363726970746f722f4974616c6963416e676c6520303e3e0d656e646f626a0d36382030206f626a3c3c2f4f504d20312f4f502066616c73652f6f702066616c73652f547970652f4578744753746174652f53412066616c73652f534d20302e30323e3e0d656e646f626a0d312030206f626a3c3c2f4669727374203232332f4c656e677468203735352f46696c7465722f466c6174654465636f64652f4e2033302f547970652f4f626a53746d3e3e73747265616d0d0ae1de389556b97b9a4076c59eb18a5d3d37a14eac9811617d2f776fbb0108b6d7c928e17e40a76cbcdecadd03a5375f5653beaba21b5174a423ab958ac985d72e113147e8c9231e820a7300d282878370628805db0da642642755ec565922fb8e35b13d3d8c4b2198839b0444cc80d5981bbca6441698765ea676ab09bcebc7642c54b2e943721c4db9f3a5f63db9947ca8d2dfdb9c0afd23ae023f562f4ca4d51efdc509c44421eb647afa5bdddeda0e3014ca92b85cd6ed51d8913f5f1c2675ad0b91a9a8012e14d5cdd28485c699e9f179c7cd85cadb56ae0b8e1b4e182b102f9d61e4d8c722bef6f19a12b68795a85072f0928f35d03d55b277313a9b9095ea3f2db631fa195a44264a95307a955a6168f6cdcc49aee88e1452c367eb2d15fee2f4ab6eab1a6a86fe9e7c34a2b517d2e219283fdce329fbb9189e2afcca034ac92db50c5c54bb140a737d65e2aa96975a426c9c5d6f0f27afb964bd00212d7c484bedd6df3b3f876faeecc7948bc4ba637db790cf7e263e64b716a2d8c95fbb07fcec68c5d9c005d4535c2076c84c965038a19e00152b78047d8d1611271c0e53bb7a2342ec65e3184e14244aa627a9c5621da2f00eb9903fcf4daa1d403e80d134fca22deb11737c75ebbab9f5d23fccaf819445b24ac57e7e88f9563d9ff82c7047deb8374dc2696093d4234a5dce679773c00d530753bd2f833b44ea03fd4297a5e3fb2697d151f19c7ae77f111b8d16ab998151193a45d152b48dad739df79fa39266e75c7e912f46d9c38dae563fb103ef3b09a5b5ff7738a2554bc605ced7466a47e3628e01c6cf5605ebc093c19958e11573ce71314937dc68f9ee37aa615e8e94490b9c9beabf92e1b6d111d080f8ee630d42a77265f8338bc449ad605d025c8fe99e0f8acfcb0bbb730bb55a31ce77b693eb96468f5c2047bc0f057fcf6d5f7e822a99be16b0bec1317867379e4a4388340b1a0663e66b880621aa628936af469cde844df8b367923071a48957c42d8027d882a141f53f8889a0f316b813d37be02edf17c039d89e0571899df10d0a656e6473747265616d0d656e646f626a0d322030206f626a3c3c2f4e756d735b302033203020525d3e3e0d656e646f626a0d332030206f626a3c3c2f532f443e3e0d656e646f626a0d342030206f626a3c3c2f436f756e7420312f547970652f50616765732f4b6964735b3430203020525d3e3e0d656e646f626a0d352030206f626a3c3c2f537562747970652f584d4c2f4c656e67746820343333362f547970652f4d657461646174613e3e73747265616d0d0a31081e9cd77060f19c29b81bef2ec3fc053dc4acfdf17cb5a2a63c5bf6a309fb500a56094a51a13bb880b958b47b8ebc2eea56e90bc9f16efa106966a8398e2d8f0d513295d6d50541bbf23deb8f9c2b581ef358c86eb42d4aa9998cdc8b4d2bc6ea52e0235d8624b681aa1d11711c4299245645227ff110771651e46e1884ffffaea2849b22c77e4641941a8c6776f6c7167980c17748939c9be816c518cc4339149251aaac154c701d6adddf0274cb545585e2e7acb3809ad82ff99e0bca98bcaff3358f8595e90dd23cf6545b8ff8fdc8257d2c26615eabd759dc4734c095282209efe9a4e2ec6a99569a0ea05e33ff7c943c0c0593aba98f85494e949a4db44e8aa18a4ea42f97a8c039a20e2a13f44c99a8987d29f65b618907b6f8bd136ec0e8e1f5ddd1d518b574c2327f5d414f091eb691a6f68efd308cd9a838617baf28d61ee33425b749d6f5ede0d41e15a2a4b86a4475a60f0e74cd352d20adbafdec13a5be2489f3f8b580fd9ead083378eb70078f5d33b80fbccbb13c0959800346637ecf02ba4deabee2fb1443cfa7e18b290e3e1d42f0178ad62e5fc7795585ebfadbe460bc543be8a21d0147b82e614381d70eba47c9ca7e4ca23e20b181a30dad68527aeb154b19af93544125824db99539d960bca0fc8828c61dfa21cd3bc2efa7667b560398ea03f489637c8ec6107ce4e7708d50524ee5a8bdb91537c393357949523a4153570f01a84c2bfe8f63649f2e5dd95c4c811a63de53faa19f51759267e4a17c851d32dd4629551bd3134bc756be1a4070c3cec8376e4e3ead3f1eeb14fd5b6817831bba6bba3d08b1741160b26a692d9d50d012d175c2aad13950bc7e2e07fff855afd1d1fa36c9a33faef316253f31333070db42849a2227fe3fc48d78c3d04add83a8ad18675f7f19c7333fa11b1cc44039c3d0b9acfa10c1d68a3375d011d0464a3102e572769e98f7e818a03898d4d1d49c5ba097ca281dfe56de791a71653e56bd09432a0acc270bcb0f4b8f038420186923043f8b4a1d237364b3591c707a0c78f8b798559f30ab8453c2d537d940e4bb27e0b5d8b6634e8a707cf065920f7dd027bdd7bd9e922539e7877c3dfeeee94f86b43ffbd1bcaf70a7665b89ce520b28add91ce666a00a4a8ab70eb44f7c234d1feb63c3493f9556fc6b9fdd5642173a444449695f09635dd4458b5366629d7910c886068939f9632fe2714b974de757fc82b7baea924e4cbb7de573ff54bf1b9f41b85070db6b264bd21c8932badfd4e28615936eb2af1b4717b7568ebd00a2fe5df194a8fd063c4603ddb98c4da61366b12cd9c493122d6f7ea25144c48eb1fe4d809bdd90564e4352499ac4d59ea39f90f7d6b72a3bb06ec834c76a09b858b8ee55c2a443d3d4c8d6a2a7898f687d5f1ed407eb23de50865d12c212a047ee5b3456a3db8389b3d8d68c24c337f06228537e4a8425baf7f868183ae43a9da81060677418862cd446a82b8713e06b35e55ad30dca084d87944bdfee5cf26b1ee2c68ff43efa974f9bdc6e83a7cfb666e196a4d8162c9a56ba6819911f079439358d0d327debe2bc25b16ff0151726084ebcea464c36803c2d701d6014c9e8a7523530e02ee27013d04e4644ee6ef9025e5b79cc12e7d7a8b7b6709620c2a59480c1eeadc7eaeb382c9fb595278683098f3a5e4f688eaa297ea4ea0980faaa11700a4803e1f09154aa526b71e1256cff4cf78d9a0378456a67a2d312391b4b1b969986f8a72e87619b08dafa96d2143e52c8a908fe61710bee2c010cab503a011d0d9239f2ff9ce1e5b7741311e65cfa4d262fdb22e7479e765654bdd36dda1da963cc79d0ae6c942888ca7d327c3023f6039f2bda2a10c31e2df09c485a92446e0c151c997e07b64626899a52a27d2a362b561992ca88af7e1958f725f718fd459d585d32a8e14c443054b46e6e3a08a723c981b6aee5c8f6f7fd082da7ab3127d017ad7275a2ecc3db7c69c925f0ffc0e317e57bd6013a3d3d8d04f0ab3481a3fbedcc28020a55142fb543ed2f266da2ac39e647cd4e5c38c0f697e943cb52d65bb8e05d6d81ae746552dc1ce6a0b3da8e3879db17f8514321de8c15334de0dbb41fc76883f55ee63ad908146217eb591fd3d6b5077414b77deef7579ba1a307bc0fe180435495a6b03216bababa27e80a09d0c76c1d8f9b98c6d2b44df4b3c99a78389ff02bc9ff52c3ea812f483bc246dd987303ae31102a5781d1db3f4b17bbc295255d23e7e66c1618afa3880c3ed5bb5bb82af0b4ba2d29905b0b5f4e250dab4b94a9f3fb4a01231f6a74f6f37f92ccd1c138436a7056b6a4a61370857a0ccac48d50b7e66a84aff384230bb35d8a99d9c89d416878dcdd41bd18c4abd4a4cc5b0e0811add4e571becfaa96151b22f717ba9873cc9a1b2f2b7903bef0268640a471c8eca92a429ba3191ec4d5fe59f8364821ee7288527a3b792dcb0611f1af16cfd44f5ba2eea2152db6c70163fefce4bc8aafb6575b367044d0e05aa1c82bf009277d9f8bf8ce6a8c4333134e18e00c3438445fd960b5cb5a41796ffc07c4192e1870160bedd90e3d69d12efa41d8012e46049e454a15c3a92f539bdb748328068e84843432644d27b45ac6dadab65f286bce602f6bc0b96da28d2a75440c5bed0df61723dd060e6455d0921a2927fcf367ad07e324706c4e7255de34f1ef8d0f039675b04037d7709a53ee2fd784e7f95b3ae9e51a2c8bf7cef1e389f53fb6ecd2fb5515ee41435d43094051f22cf2851ab611a1b41496deefd42740db6f6c9a49412bd1e30a306355d940fb71d36c3461f4a58ac5ac5a7148d8313e5f35c5b947ae789dcc0700a6feaf29c2953c5063caa970a07ab0e1d6b0620d402a0941c194b7e256d6fcdf54d29dd0abbd40ca4e367798057503a46d61001b572fa4099c31c6c7f244ce59d626f2fdcb054711ac4baa432f24c272167fbc520b84e98ec04f926d5b1cebe3ffd9161db2cec36cdf510784042283165563e5cfac2d52e55ff7bd5eadab086e9f38d6adeb5d69a0526271681631ca2f60626a868d14b6adbffa93064a25cb57d744cbcf55847a13d009deffad01e09f1d0304d62b869139d0336f69ef3ae54b4257081099e6bd25128dd44b6e37bdf230d7fd12878b5659bb1616ab6c41992adebba767de878b7e56ccd1d158c103be51eebd324f82a0751a9bd7167357dba8892b75d40ed2895d232b8e59bac103d897e2a4fb0ae8ad09f41e872344ee39bbadba68c70e71afa62670fdbae91b7b7ea316c551739c3f6625ca45be0353cee825a81ac707c836486054c300b01e3685995d825d7025e3ff66b395ee20dc2549a207bbad326a1e80b65d20fdd9a124b42a2903b744e5b4c2784a3d9a493e5912b016a33df12f10a3c579c7ea6fffda974806761c892d603c5eaff2be453fffc9338422e32c36b930f3dfde837aca4af42d298a408e23aeff07209a1c63923d894220da2c5a2ac518f6bd80ba8dafc52433210f9c3f4983afd39bc4ffb0586030e368b2fb4e744fc2449f47d9cc1c966585b685ef81433f9b4917ee2694df97c6011fb489f78709a0a7489121df74ec051f787411dbc7fd9438c4d337ce7cd00b8deec709fd12ec3b44709026a321c8dc4e7e033b4da3794c2c45a4492f862c952e2c5362b3164a1a2dc6d6218759e2124f0f3d5dba1edd786824fb1a4bd9b238f68e293fed9a39e4aa8355b871c009c0a9c29e3605a3647507ffcd1652105e98c3728252bf70eb161b78f624824287b99b9baa5ee8bd89966c18c78756649ff9e9ad6a3520aa4e81f5b013b5d03c428ca364100c9621048ddc512e2d97d5324a17d67e25ca9feb0cf80917fc797154c8b96c754a3a8986e5f94904133c2e1d0e7aefaf89d4f80939ed94a10136765322e1df33053b13f0feaf0c4ecb9b6925d91b6505e358ec7682dca51599f060f75fff46048fb648f8bb12e7e95593fc259eed45e780a100f83b5ebda8c40bf79ac5437f32c7dc2265674bed425b57c0ebdcf94eeb4654be6f1bbec686d057f454bb61b8d240eded9efb4172c927529dc5720a069ca3157e39475bfa7c4d337c3d299f1a7a63a8c5fa9c3fbe32a087ca30f4ad33885c1d43d24e6865abce0ed1037daaf849c1fd21cc15e3e26efe8c73740a00a45527ac46f3b1a21535ffd286754b315228c7c3a6f8ff2e72aff6538c3b2f60d9e4b4f88074ddb4729385b6b6cc543c3fc1011e6d7145215a39a79c58255b2c82b2bae27282cf34c099227b303c77dfab636ea0b9f2065a7c4f51bd6b753357779ec9364785f4ce0a870e3ebd84177040bffa72be921e9944ae1e758493110fdf87196d4ca3ab252ef6e2d0739c697e9770c88697d1ba48f78f2ef4ebc5b63929d2959ec397f051ccee95386f80aa1caf3b2e66a1c2bef6d5c3100b83198d03fe958000b0e5b54ac089ce2348efceb7cc40be547dfaa7092d600d55d42c302538d39ae095d48c74d9647a96702aaa5370ffbc3821d9f332bd21612ebcafa9efceff09b373129b5ec545647eff736d315841084af75e781a4538e12d75862f5a1d898e418a7d4be9b11c358af6f222d71ba44f3a399fb357528a7f8519a44b6209b6a8bf4cc47f458c4eb451717ea5fb15dc6caf0a5c17a3c1e7c7055f5bd0534b3cd3238bcc0be7d268fee3e27f93776cc278dd149f591a7b1a07aa88dd3365a8ea9f70c703ae0ac1f2f659e3088d224d22c427d38baa2179e8e89025dfd983e0f2e31a0b9ed129ca755035e7fa08d83a23f388663416a18850492d84490f966cf0e751e3770a545f0edd435bdd431561aea928ffe82d40eff87dae1d5d2279149e9aea305fa0f4ee424751ed95485bc09ea2a44a61e0016305259f3bed3285a6d14ba2b7d79cd0f3cabfd26666f2707b5492cf9bbe64dd8a3075a915420d7e25878faf25e0ae69fdd7ed9ef633c843fc2e04d95ea7acaf59db43727b89b4d141548498407747ac4cc1213aa92a78b24fd5b2b1467137b75fec8b4589747e8172e4bef874de2a056c81ae544c18e4b194d7b0aa15335c84a9ce2388b9446f5b989b1e81a449bea3289ce1fe936e238369a95d3bb48e2bef1f4258464b9da7d4f66b273e932f900dbe185d15ea1e8f19ba5e2721e45fb77b445c8e7d549430f0798eaf276e70215738131b713dc238832a61efdfae7202349b515fbd83d35a64d158dfda89d6595b8c77d3152fc511077f97a47192ae77ca53f66234d621e684c6e7f55ee94dd26330e8ce3118fa9bcc4d232ae0ece1a6df65e7c33c2f0f9bd11364e3f887a4b2d56e233793d0219cca7df14dafd0985510c31a232d9561258469eb32879163cc19726db8f068f8267c80c3fb1183d6f209a0152e81625c4755bcb70ff624c993c0f1deb453d69d2d2c00a26f1a95448de10968e2307f16d13924943986b6f22c6551d580bde984aed9e8aac381ba8dee49b31abac0279e93742a8e2e688bac2b1cae3ea1d0cfdb8869df973f2f371312174323426d5dad23c62c9f8e58269803284392a6a90a672b101767c17239110803e633792e6bb1448063f7ce26c377fa11a1b3e957adcecc48c73d19e1c8384dc34cbf9d484c8fd9806c8183a45ab2fae9e782d1b48b8393c4ee4f333b7cfe1a33fff8489180342fba203cbcd76bde0bc476eddac5bb996dd67994867cbda04895c6ca74e3acf89d30cff8ce5c0896d48c5101f4ba4de0aba4e530461753c10ddc139a5cb61ab330504d51bb3ca49e0ea2d9b7ca2030c8ce5e104b20f8ea15c04989f3c64df46edc7b7588b1fea270ccb471916d624545b00af5415791fae2227bba9140130bbf0a126aeb3d1914495b111c5b2a583876aaa815cae1ac1d95f9a98ee2605cacef09a2ce93c97ba10914ee54ec27db7cd47de74f03d14f0954aa4e4948b44a79a27643412c2e3e05488198cd7595d6ed990660c43f14091f3528c9a608144cb5c57f3eec645ce21747eec704af229980ccbd143b19efaedd91a18aa3db61db65eb603fe5c8590f2472ab78351a673ee8e6daee3d9ad2e56b644d988de855cbc8d9e38cd7a3b482bac9d75e32381e7cc8be97f71ec26db72c7a8dc2effadc3bf95fdec93add50547f69220d0a656e6473747265616d0d656e646f626a0d362030206f626a3c3c2f4372656174696f6e4461746528d0eecf3c7a2d3ade7875d1f7ed8d42ce19807b13f6b3e9292f417574686f7228cda1966324354e8d382092b6b4dc1c8a14df2a1483e7bbab99c8d904cf292f43726561746f7228d5b78f635c28747ec81805a68fb8d2178c14876204e8b4eeae97ce903cce8808292f50726f647563657228d5b78f635c28747ec80c5c2893b6b0d51e9b46907b1af6adfbe8d0ebd905c5951b77f3292f4d6f644461746528d0eecf3c7a2d3ade7875d1f7ed8e41c819807b13f6b3e9292f436f6d70616e7928d3bb8b69387b678d2635c0adbf992b8b5fdf22292f536f757263654d6f64696669656428d0eecf3c7a2d3ade7875d2f0ed8b47c8292f5469746c6528b484b94a6a416f9b3c61b0a3bedc293e3e0d656e646f626a0d787265660d0a302033370d0a3030303030303030303020363535333520660d0a30303030303134313135203030303030206e0d0a30303030303134393635203030303030206e0d0a30303030303134393938203030303030206e0d0a30303030303135303231203030303030206e0d0a30303030303135303732203030303030206e0d0a30303030303139343834203030303030206e0d0a3030303030303030303020363535333520660d0a3030303030303030303020363535333520660d0a3030303030303030303020363535333520660d0a3030303030303030303020363535333520660d0a3030303030303030303020363535333520660d0a3030303030303030303020363535333520660d0a3030303030303030303020363535333520660d0a3030303030303030303020363535333520660d0a3030303030303030303020363535333520660d0a3030303030303030303020363535333520660d0a3030303030303030303020363535333520660d0a3030303030303030303020363535333520660d0a3030303030303030303020363535333520660d0a3030303030303030303020363535333520660d0a3030303030303030303020363535333520660d0a3030303030303030303020363535333520660d0a3030303030303030303020363535333520660d0a3030303030303030303020363535333520660d0a3030303030303030303020363535333520660d0a3030303030303030303020363535333520660d0a3030303030303030303020363535333520660d0a3030303030303030303020363535333520660d0a3030303030303030303020363535333520660d0a3030303030303030303020363535333520660d0a3030303030303030303020363535333520660d0a3030303030303030303020363535333520660d0a3030303030303030303020363535333520660d0a3030303030303030303020363535333520660d0a3030303030303030303020363535333520660d0a3030303030303030303020363535333520660d0a747261696c65720d0a3c3c2f53697a652033372f456e6372797074203338203020523e3e0d0a7374617274787265660d0a3131360d0a2525454f460d0a, 'application/pdf', 'teach', '2021-05-02 02:43:25'),
	(17, 'TECH00000000011', 'DOC00000000017', 'Leave Form', 'Leave Form', 'pdf-test.pdf', _binary 0x255044462d312e360d25e2e3cfd30d0a33372030206f626a203c3c2f4c696e656172697a656420312f4c2032303539372f4f2034302f452031343131352f4e20312f542031393739352f48205b2031303035203231355d3e3e0d656e646f626a0d20202020202020202020202020202020200d0a787265660d0a33372033340d0a30303030303030303136203030303030206e0d0a30303030303031333836203030303030206e0d0a30303030303031353232203030303030206e0d0a30303030303031373837203030303030206e0d0a30303030303032323530203030303030206e0d0a30303030303032323734203030303030206e0d0a30303030303032343233203030303030206e0d0a30303030303032383434203030303030206e0d0a30303030303032383838203030303030206e0d0a30303030303032393332203030303030206e0d0a30303030303034313133203030303030206e0d0a30303030303034313437203030303030206e0d0a30303030303034323131203030303030206e0d0a30303030303036383830203030303030206e0d0a30303030303037303233203030303030206e0d0a30303030303037313732203030303030206e0d0a30303030303037333132203030303030206e0d0a30303030303037343535203030303030206e0d0a30303030303038313736203030303030206e0d0a30303030303038353636203030303030206e0d0a30303030303039303636203030303030206e0d0a30303030303132353138203030303030206e0d0a30303030303132363637203030303030206e0d0a30303030303132383033203030303030206e0d0a30303030303132393339203030303030206e0d0a30303030303133303732203030303030206e0d0a30303030303133323038203030303030206e0d0a30303030303133333434203030303030206e0d0a30303030303133343830203030303030206e0d0a30303030303133363332203030303030206e0d0a30303030303133383138203030303030206e0d0a30303030303134303339203030303030206e0d0a30303030303031323230203030303030206e0d0a30303030303031303035203030303030206e0d0a747261696c65720d0a3c3c2f53697a652037312f507265762031393738342f5852656653746d20313232302f526f6f74203339203020522f456e6372797074203338203020522f496e666f2036203020522f49445b3c43323146323145413434433145324544323538313433354641354132444343453e3c31353334393130364439383544413434393931303939463943304342463030343e5d3e3e0d0a7374617274787265660d0a300d0a2525454f460d0a2020202020202020202020202020200d0a37302030206f626a3c3c2f4c656e677468203132332f43203132382f46696c7465722f466c6174654465636f64652f49203135312f4c203131322f532034303e3e73747265616d0d0a303ebf650d7386669fabb8222420ba83199f0834347d329ad440599519a8d7c72c288c412d24c8c7dd8aebe2d388651b61892cd2733c571cb2abe4d2767b007238b8206f2a3dcbeec1979c0935b4780e160cce263a918a821932621dc16e753a7fc298b2bafa0b2f6e8de2bce6b7696796a391b1c512f40f335d450d0a656e6473747265616d0d656e646f626a0d36392030206f626a3c3c2f4c656e6774682032302f46696c7465722f466c6174654465636f64652f575b31203120315d2f496e6465785b372033305d2f4465636f64655061726d733c3c2f436f6c756d6e7320332f507265646963746f722031323e3e2f53697a652033372f547970652f585265663e3e73747265616d0d0a78da6262626460626060a4370608300016d9005d0d0a656e6473747265616d0d656e646f626a0d33382030206f626a3c3c2f4c656e677468203132382f46696c7465722f5374616e646172642f4f289ea29afd75aebc39b05e23dd1f8e6c9d6567645c6eec190c3640b3c8dd979f0e15292f50202d313334302f5220332f5528e3e350bf2e72a9b5243fee704da4ec1600000000000000000000000000000000292f5620323e3e0d656e646f626a0d33392030206f626a3c3c2f4d61726b496e666f3c3c2f4c65747465727370616365466c61677320302f4d61726b656420747275653e3e2f4d657461646174612035203020522f5069656365496e666f3c3c2f4d61726b65645044463c3c2f4c6173744d6f6469666965642808cd51aef167cf515be5ec71ac69c357293e3e3e3e2f50616765732034203020522f506167654c61796f75742f4f6e65436f6c756d6e2f53747275637454726565526f6f742037203020522f547970652f436174616c6f672f4c616e672809b94ecb92292f4c6173744d6f6469666965642808cd51aef167cf515be5ec71ac69c357292f506167654c6162656c732032203020523e3e0d656e646f626a0d34302030206f626a3c3c2f43726f70426f785b30203020363132203739325d2f416e6e6f7473203431203020522f506172656e742034203020522f537472756374506172656e747320302f436f6e74656e7473203436203020522f526f7461746520302f4d65646961426f785b30203020363132203739325d2f5265736f75726365733c3c2f584f626a6563743c3c2f496d3130203530203020522f496d3131203531203020522f496d3132203532203020522f496d3133203533203020522f496d3134203535203020522f496d30203537203020522f496d31203538203020522f496d32203539203020522f496d33203630203020522f496d34203631203020522f496d35203632203020522f496d36203633203020522f496d37203634203020522f496d38203635203020522f496d39203636203020523e3e2f436f6c6f7253706163653c3c2f435330203434203020522f435331203437203020522f435332203435203020523e3e2f466f6e743c3c2f545430203433203020523e3e2f50726f635365745b2f5044462f546578742f496d616765432f496d616765495d2f4578744753746174653c3c2f475330203638203020523e3e3e3e2f547970652f506167653e3e0d656e646f626a0d34312030206f626a5b3432203020525d0d656e646f626a0d34322030206f626a3c3c2f526563745b3232302e3638203436372e3838203338392e343631203438332e3835325d2f537562747970652f4c696e6b2f42533c3c2f532f532f5720302f547970652f426f726465723e3e2f41203438203020522f482f492f537472756374506172656e7420312f426f726465725b30203020305d2f547970652f416e6e6f743e3e0d656e646f626a0d34332030206f626a3c3c2f537562747970652f54727565547970652f466f6e7444657363726970746f72203637203020522f4c61737443686172203132312f5769647468735b32373820323738203020302030203020302030203333332033333320302030203237382030203237382032373820353536203535362035353620353536203020302035353620353536203020302032373820302030203020302030203020363637203636372037323220373232203636372036313120302030203020302030203020302030203020363637203020302030203631312030203020393434203020363637203020302030203020302030203020353536203535362035303020353536203535362032373820353536203535362032323220302035303020323232203833332035353620353536203535362035353620333333203530302032373820353536203530302037323220353030203530305d2f42617365466f6e742f417269616c4d542f4669727374436861722033322f456e636f64696e672f57696e416e7369456e636f64696e672f547970652f466f6e743e3e0d656e646f626a0d34342030206f626a5b2f496e64657865642034372030205220323535203536203020525d0d656e646f626a0d34352030206f626a5b2f496e64657865642034372030205220323535203534203020525d0d656e646f626a0d34362030206f626a3c3c2f4c656e67746820313131312f46696c7465722f466c6174654465636f64653e3e73747265616d0d0a1b9f32794809d41f8d8727743cb3a879a3800ded2ac91830ac6b37ca9d15c944c38917e81cd2bf7d47706792d97205511555e564d8781f09e0675dbd82af9c957be3f8081c1fee6c63d1e3c6cd8b76ebe29f068769df8bbf36ab29aa44f8d8100f1b95ddaa0ad9a430c63a37ecf1333700e23e02c93871dd2acb44c8ff218ba874d988deb3929b8e8e2a1df2cae8777e16b50c8b539df5e05fb3421c436a1315adbe801150206fc158b5bde28e0ebc42d15a1ee9f5463846fb29e8eef0fa1580dc039b23d9d92cbdf39b6a38c6e79ce423d61c1ad25f0b711adb9b13edc08ee9283a035e1e7f1744bc315448234c9577f608644f9db95af12498aa21b5b0362da4e73bf343a58b66dd37c5aa9ed38ae13b24d9c3cad8d696fccabb3d696cb414cfaca9a3cdda7a4e5790024cd36e3ecb675f60ca4c068e4c7f23c91526a7d5ac0f87630653d0e3ba2e5863077b44d1569432234ad7613a3e3fa6fe2a911ca51410c7f3633778092388c133493cf91a5e851d6326777039e1f6dfc357dbdfb69a3a7f8813d2996dd303b3b30a9c998d91aa0f0cfcbb6c18405b01779bf0283e162bbf7ed5dadd2b3ca79c2174fc5ab26d91ec3113f8e66e527dad357cb6fc46708c24222a527bbbdd07d251a2636d436c7fe6633c897b7e75fbdd4efec0f5fd38e3c188869ef92e1045f07e05a1ef69288ae190606ecac23884b7aeb9cb973d77bc1aa7f3cc0a5c5539d0d6c02a9798dd6f9c4ece80c946db9e0ec8412facc1aa52d0749e72907c47fd5ea22b3f1af413800e551fff1fdb5c7515cecb5f0c454de68fd9e485a90aeffa87d66e4f0960a2af77a456e24d7bab7c77739e759636d0fea847c40ded0a30cfcdf6d8f424158a1ca767c9302dd7842909a47c164b307a913480745d8f391fd27d8e8f482c136b9b7282ea2208a968f193364379593484a988f6e6cca436f66d65c6b9af0f7cf497d12546c4cb8effe8822ddbee8630b8214aaa9c444691787fee8a81c4d886555c5f5bdbb301e9b6890f8478a5c7431bd29b388f0e8ffacb2452fb4e52a7a71e351ba256883a38114230b16de13b13ed35e289f93217dc9c299087a5e3fa3e832d2bf7dd41026a04870a1a2912e5ae597dc000cade8cd409fd4d09f066455737cab17f96a3779af24b6ba4a8cbf44605c01b539c6f3027445b778b5e0c33631f80fb39b1ca2854ee9008995de8e5074c54b71eb2c55eb40021f95ec875bb517cced1de7c30e872d8a859154f8c6bd589ffb1c200871e0f28683b2433b0fd316a550448accb9ccf44b0e2002821066bf951124915138120dbd6e5b2b1221a9c2fcd3fa10311eb058a7944b3daa0dac4fc5c43d2dae41ea8daf6fab32ff5cd35fa72fcb05137cb57b5dfaa84e3bbbdb81515b994d4138a694d01520f88aaee9efca66ec82e7f0545fc234e4a20237681810aca1053c4bd6be372ade16a997a11a017e66885f001f456f73050e5ec8e725f23b85184a898eda5378b909f7fe7013300faa11566b2c073317dacc55074ac19a21cd5aa7d506938c48cabdee78435cb9555f6bca884760d0a656e6473747265616d0d656e646f626a0d34372030206f626a5b2f4943434261736564203439203020525d0d656e646f626a0d34382030206f626a3c3c2f55524928542ca8b16a75c5b8c37a7e5c72222f4480bff10262070bcbe12adbae7f62276a292f532f5552493e3e0d656e646f626a0d34392030206f626a3c3c2f4c656e67746820323537352f46696c7465722f466c6174654465636f64652f4e20332f416c7465726e6174652f4465766963655247423e3e73747265616d0d0aa1e829496bc593de9a19dc5654ddd97b6ad6e7cc71993c9ed04a506ad966cb287a34179f54dd30deba650879c241734fda17d7446ad78073959a5b8a14037e8b61ca78554e849288ee2ca1536672ede6457f0e81b1c6dd24e1f15a51acc9c6d0b8b276dfd2575560d1820a8cff83c02194eacc02c3c46d4d78aa18be99edb77ff0e562ca4ca3cec9149ae3f9a91ba4df7f98226d63607b86dbf8201e05abd3a5019bb190eb8d2904dfceb87def2c358fc5488082c106df102a6383e5e4577b7f1d1f5a424d992f488f56c3b6a7507e9b3afb45c91941fdf08e8b0007fe5b3dc2d530f516b35b7d1df9639d194b91d80a93ae34d09f6842db8078473abd935ad1ccd7d3b2276d40aa6ef45ee3e18adeab75294580e4dfa2c35bd30245df80ec858dc4c68a1f3230d808c47937908e3be4b0a42ffd6cf8d4fb4c4d787720f0cfcf536d87fec7f73420d8ef53f5f61575d94ab63fd2d12a15215955ee2198aeb1c29d33abac0886ad582372eaeb5ac4e2166f3df0ac38a4e13236edaaecf00b491ec9d8d90b77a4e5d881837a0c9ab5e4b8c4442043f9345d4cd6ac510b9c44bb37e963e4ef32e8d6f57c41e90a15ded5d0d43f316ea7676f921073bcb9a224621fdb5c098a76b9959eb76a55dcbbd6f48d37779d1878805b4a583f5353922c072258c66e2dd5ce2e41c38429abd175e324241b6eeeceeddd76a747f1dbd6b1d3a73ca650f790cc59f5bf035717d05eaee7aeac625be68ab4f3061154befd49058c389cb33eaa558848a64483d1c48fc2c534b54fd162ae863b67792795bafac9d5ceda1d3f67ab041ddda8f18c60bf13a037af81aa87fe9702db54a93125f4688899c6e7df4ea7d5c5b4ff9915b55b72d96181e1123103f4e317a5a3e0d45e43293abf692d9ee11f5944529ad702311467baf156502f7bbfccf06b4bffa12a3cfdb7a2012b2c038740e3ec497c989c07842facb3529e8d800292d6eaccdc80a1ebce47ad198912bb987a3c5d232fb00ed1b728bf5346b4bc890ba2f68c00d5f35a1dd633634cdc12a48cd90a426d584af527df36f5ea07ac6abe195bba988c0b00dff9d03ea11a1bb3071cfd641cc0ffc737d9524ca02a5d691bfe5c8be3631338e69ce79d950a8c5d4065cd462de6cd45aaae77f13360b664d9b979d4f07352fc5727c11155341d21cde15c18716b966be56e9ca9d0aa3b2048f60dd0a844469301c2d5941c7f5de711a6e628b272cb7edfb266870b7bb1d1ce6d2a7c06040b0687ed121d086046c28f8c9e554a053814da93de30a4116344039a94e9a17cbfb329dd716ba8ac518b43763de23228d7e01a8f67b93f84dddfc70b1472493b36f687ee4214e19629ef5e064c68ecd9ecafd9d6b76a3c253c5462c8e7d57ac3effd1be8db405347058b119afbc35108de37d3aefd1047e3cd74e82836d78d30f372d4a9b88a6efe534ce4589be69c44d1eacc6d151f28669a05816e7240ce640faf692973c8dcd787d82500a065455f275514602a3b81631ab9d959966a02460db4225cfa5c30da3e357069fc57aad38a624daec14675c4b26c1e8e2c601460277fe4a00e552edf025bae2ff30db8eab5242d6b4be6a217e12c8ea4c6b2baae46d997164899a7e934691d890c2c84fdc733624aae19aa4e2ce5b4d7fcc4117ab56bad6b19bfa6cc60ae2552eff0987981b1d6d912056738f2a7e57c38e30f8a3598db48703ec52413431a066e889d254258ee85f327864f4e778e582eaced7db5a0468bdc8bdff7cd0c158357816f5367ba436ae9c9fea10e281f7ebd0b775529d935c7a4c670655155d22238b8f1543a817c6820f6033afed9b40b25ff4e6d3a172095658e79b4b1bf9bb402d36b6fc044308931d3e0cf5d8f24405e16dcf2a4ff4a4a7a91f65b6b9704de5606dfaa6451e15efd58277c447d101e45fca9d984f09365fbb0a6fbf2a2212490d76a64127db0544f5aadb7f5d1547cce6b8f72f5e38c2fcd45821463de78d1d5cc844bae5fdfed3ef9392ec78722c3b6a6773648e48857e158d3b40ec0c11318787f7d1c998766e93cdb1be1b29fc01bf4e5d97ba1a8e9e1b328cf75478b7bab8e9b61de4c6d8078ba258e284824453b2afa9026657f3d4c508a2d3c8520fda53fec7e7bd3f43d1124d56cc7b7f9bb0bed1f738a406a564998f58aed4fcf14a714d62a48840ab8684d0839ddc393b39899b3eda12135787cd16d216d5f711ed7866b6f2c5de1401b84a0ad38546ca640f384f99504a624427cf0cbcd4920656aa92db1e0c7fb4c43c2e199b4d2065fb14ab3330841a83f1e9c54fe48f24f2dc91d8521e14b03cc24ed1cfa3f06ab2de7f8f9fdd7a7fd0cf2afd1504ac2ace914b66d26a83cced7fe9d226c1aa093f5e7a0c7e1bdf2b34c1beaf05b5cbed45e1a0ac6c7ac76c48ab13766b13ad675dffb4be50c3d09c966b47d5e31c5a8136805f2d67c9f78baa3f952c3b4dca77c685454bda5125c2cf4a4c2b9e6b66807f74edd6b1a54164aba8e394e262da888bd606a0e763d3ea046abf4da7000612b2dc0f92621289fad1cae173e4c7d9fe08f2bb142d4fc98a5f43c6b123e82cfc4d09cdc2457abee3a4c2d70ce896b0b29de0a5653959f42b85ae02f6603da345109baf3037c821417fd5085e97d24febacbb7033de3b094a2d609b56f0f20f537e057ee468b899caea56c2c2fc7b8059aad5cb88abed764243c8aa6046ffcbe8badf7ad4aef9407dc4e6b9f55adc2f2243f00dd05b845bfb3f66a6f937278f984cb2b85945dfe15fe0130d21017250161eca99fda3dc048c3827987928e3bdc414eb65d4e0e1c2d6ea14423795161bf88eb222e205ce302e22e1078b02571c1d0fa4eab2a42d8c73bbbabbf55b49814cd792d356ecd09bfc999ddb54f041b110ec5671ea4ff7e460da943d95ef0899762e43c8da12ad911f0b0787c2323876f1c9b831438cbd2a4cefd01c6664b790cef5deb441cb72b05f8e039693aedf73152a87e0d15c359f0566dc8efbe768a0aee5b733fef0e3ef964b60978483420d979a71be06f53c445494a8a6e736f324e7612a494b0b30401c6e64505d8c43152ca827e3cc73f0b246dab67966b9f6b728df54677c1050bc0c64500fc29256e06e275b3d5379c8b92ccf6064dfcf44681c8d90ffca6259ec0188568653d224e678510ed5666d756ad4387fd2163fb67745cec456b8c20e9dd26b51496b7fa6391cb2540aefd32da045edd4012cd0a7685826acda5e74701d8a43ed220ce133f873f61e946419b3fe2f88c9551ed39cc5cb85859a0f0a882e4cecaa6efb7dd00b0276d7bf781c439b247404b36a7b77a468e3906ad97b4facb34f82e4143cdc76470bbe5ca16ddb5aeee9ae3196840360af47fddf29c0f85b0eb2b4cbb26ee7e332b27b2e56c15fdef45b5aa26cb3ba30db9f3ad19cb8bb8870e472ee985be3e1c5181010d3e87947443d65c50b0c124ca631fd2054d8413657743b09a3b06dbf2d1769bfa1ecf8cf1d0b1f4a6c6181f601f3575f121d274be95b7c4637560d829e292e075453a746ad6ba587f022db3a21dcb90e88e5b2c50a032d01aef7bedc976300fa3c375fd2bb8d79d25c70cfc9d02473464e86f13a19648bee158671c6b033bf61edafb730d0a656e6473747265616d0d656e646f626a0d35302030206f626a3c3c2f537562747970652f496d6167652f4c656e6774682031332f42697473506572436f6d706f6e656e7420382f436f6c6f725370616365203437203020522f576964746820342f48656967687420312f547970652f584f626a6563743e3e73747265616d0d0ab4a3abafdfad62eb37712335010d0a656e6473747265616d0d656e646f626a0d35312030206f626a3c3c2f537562747970652f496d6167652f4c656e6774682031392f42697473506572436f6d706f6e656e7420382f436f6c6f725370616365203437203020522f576964746820362f48656967687420312f547970652f584f626a6563743e3e73747265616d0d0a13bcfd7fd32ffb9d57aed2a55985fbc02e7c220d0a656e6473747265616d0d656e646f626a0d35322030206f626a3c3c2f537562747970652f496d6167652f4c656e6774682031302f42697473506572436f6d706f6e656e7420382f436f6c6f725370616365203437203020522f576964746820332f48656967687420312f547970652f584f626a6563743e3e73747265616d0d0a761b1da8edc38f0eaf930d0a656e6473747265616d0d656e646f626a0d35332030206f626a3c3c2f537562747970652f496d6167652f4c656e6774682031332f42697473506572436f6d706f6e656e7420382f436f6c6f725370616365203437203020522f576964746820342f48656967687420312f547970652f584f626a6563743e3e73747265616d0d0ab51eed01aa2723ab7246e3dbe30d0a656e6473747265616d0d656e646f626a0d35342030206f626a3c3c2f4c656e677468203635322f46696c7465722f466c6174654465636f64653e3e73747265616d0d0aa260f1fb2b6ad9015a3af66311ed788d81aebaefa031571366cb3d4e4ff225b77a0e66b30d94fe9c8a2bb15ddfc1085dbb6757ee20ea0bd185fe94a21423c860dac46c28ff8eb70e1c97d6b2cdc366ee292e94e8e8a0497a39de2a11b58d7f3af0aeb4d3f60f5ea4f1a8e8ab86aaa091d3d3fbc8f4ca840510470427e754ff19ba30871aae1901e2685161f37381ee5eb4362b7c7eb5e31769e939c077fed2ba741d4746db6f3b286f69f77ebdc3d65c1fe62532a1a548fafbb9a212b9c94d24323d1e882d18453182045f4ce35ae7b499f4ed9d93953b8c5b8a9569a5925324ea34c26d3e9d60961fa8455674314c3d2bb7a6fd19e6ef4f6cdb7ee0c926292c87e389e378c5a676f550904869dfa37cbdd7c6b8dbedf51107b4778b7d5ab075119b9d6f9826eb696ac7e7a650a0bcce27707b22b4b81ddff01040f2dd2561e8f2abf2c965698d0219576a784f4a6b410397cddec24dd698e3d4b98838469371cb6a367e251262acfa193baacb773c5cb03856b4d2df6469feee41c0b6bb10d6b6ac9e1cafd26cdd43a0c913d3d554f5f443a8fb1bc020108651826e5e1dcda969967b3a76cf847cf0d8badc44f8edc4822ea8cba35bafc3ede2f21071958df7e4b40da8c444247f9df05869875671154620b289b091e25412a4f0881419112619f9435eb76b637ed6a9194bdbe95add6ac5df2f5f5f1b96d8a6f0a1e72763fb93f8753bf7d1c244723f80ec5bcd1849c13e4a340ff13a4c63cde6d5310b572757aa8a1a2d3f0599beb48dc311cf030d5f56fb4ff3b77c25099ac236ea907c014b3fbea12193b1849028b3ff027cb66135456de3583725949fff76730e889ecb5bfbb85fde746b70af05ef07e1f98c961bf6f959d90ac2cf89dbeee00006ccde55914a21a8d399511a24b42e0d0a656e6473747265616d0d656e646f626a0d35352030206f626a3c3c2f537562747970652f496d6167652f4c656e677468203235372f42697473506572436f6d706f6e656e7420382f436f6c6f725370616365203435203020522f57696474682031362f4865696768742031362f547970652f584f626a6563743e3e73747265616d0d0a1a68853663bffbae0780f60215f9f9902b44c5d8e4ea022c5b1487c8e2024c76fafcb2b823ce2c3ff67bb6dd6439a091b25bc98c044d2ffa8db157c8b65acec8323d9508525656314b3148de952147d578e53ae7fc84e9594184586bb5fae4493fb44d3e67e6af67a21ed3f14e53fada7da09fcb5b7d9d5e9bfebfa7b9a75d0a855222baaa99dc2d464cd41064506f53c9d4cd5c089940716e436e023783a72f82fc3934e808c7e1a3a6a1db9705af287c8ccde21f31177364bf80429fc85c4c4c6e19abe94a13f7ad4b28177ed91d689febccebdaf7b10a30f539d2a61af06119f4eba4e6d343fffebe7462b9767ecd3af4f405a179f310724352588fc00f5f040d0a656e6473747265616d0d656e646f626a0d35362030206f626a3c3c2f4c656e677468203433312f46696c7465722f466c6174654465636f64653e3e73747265616d0d0a52a8eaf3bef35bbd1582736bd7d4ddc5caa3f2446749d2048689c5fae938af688c28852126cf2e12c75beb983c2b57f5fcd62d07b99fab866bd1d08aef4a0907495d2e6346d0a6e60e114f5d2528811a12bd8b295929ca58fc1ee7e17762c67fa693c8f7386569f7b23a7a0d110b888a6137a108cd2d8d87f665989450b1c4c6f0d3d860281bc5d5d4422aa42f929981fcc2d9c6be56f2812505fbab6ba3d0fbc0bade939edaeb4a0ffc2c35676b62ec1b4ad8d1397186447d107171cb2dff0796d4be491854a95812a651bd2a025bd966a61f8b9f93ee02500bd16bacad2978ecc798d1b13f075346a48045efa5329e5c2eacb8d37f4c5f748bcb0aabef61758779492fc76ddb1c5b967ba481fa789956a4fdf83e8f0ecf196e902da6cd6b05e4373bd99262084f649022456f757bc25d5b40e9dcb64b25023a877d2605c826546d35f357e842cc0623bb0d3a93d504720a157fe5df4e91de4161c75d815f939350b8e992a11bfb11f41f922695bf1182bcf7b5060355fb775ccd1197bc71310bf2766ac13cd8740b7d23f86afb7b246c5097e65598f1f036194493ce348a02ae3aef7d00fbbc2853c64e860fdb4d0d0a656e6473747265616d0d656e646f626a0d35372030206f626a3c3c2f537562747970652f496d6167652f4c656e67746820333239372f46696c7465722f466c6174654465636f64652f42697473506572436f6d706f6e656e7420382f436f6c6f725370616365203434203020522f5769647468203136372f486569676874203130302f547970652f584f626a6563743e3e73747265616d0d0a316d5815634d06c45c56b80bae3974866eca94e0f9229be81b927ca4b31f61760fcf6250ee841d1145fd22bb3313a055b8af3588ce1d61a2ce4f5114255149354bc27f2c33701c61d3ec25cd08820b94a978a0f47c97b13453fa100349e2b790b455a84e731270e410f96f22f8b36c1997fe0a13e9ebbb2a0d46bb68855e7df7bcdc22efd0db50a8829d6480540e1bccda38412c42a16e6bec41af0f1fe8c9bf13d21d9f61aca214dc5140465ad81bc59eeabc3daf176f9f72963f4416ef4b6b2b41c2a104a9a29300b8f2342414f86e93442b288d1b553464bd57bb802799f38316233fbd9d453b3eabe6142ccb9f8b40025af7a0217bd7ed036d074fa0ded3926c3cdb917758e407733ddbfa5df29216d49d2a1648f582be491f9eee1e019a0ce03c1d770cba03be07f55931dffe737b2f17d573ae479d72dba69898db1077112e59b826d50c6bed71070f4aa1888f374f7079748ec77830072b77579a7339cb531beae60a49c5b98ffe6452783be6e95738fdcbd435715163d460df0ca5e9b8a763bde13f3d179e2ebcb071127ed6da90f60679fa3ec84caf3a1f42858630ded9c33acac0aedbbae288ab1d06f6d80b52dcf484498ce4f65e985a7828834596b936c6559bcfcd1ee6876a3d65b73a3c211c0efc3f005de0be5847ba8cb34bc2ee59b9c980eae4d4d818f82e55c09a8f4269e4f697d115273b935d10153504cd5a02ae9963493d095f26ee968030a77f51333bdba876efcb4b36c7d481aad6f1bc836e0bf8f523814c15bff46af09c405aa3dcee4176bc457106cd9a9380937e9817f5dbc98f2c9042f770415fc7904bebee2a731349c02c35058d738d21eada36251bd3f4ac147a1f20c1cdcf0f7e1f788d46433445ad954f48a576e789ab37825749eab8831e584b476fd03c1939b04a8d54e0780a2d8a31b08586b6f2000832d93b98cb4112bd1bf9ffb8fdc5fcc87109fb1326a25030e8aa845d9fe6095ffd6f16f272908f30b38f812ebbdda568a5f3b950e89c2b54205ea1a07381b8478b548b9dbc971c579b9742cbb3febe8bf773781c6ab7bef75d680335ef6581405ccaad6c07df57e999a78606b8d4ec6807a99e1fab47ebb0440d0ed389a43e955c7d999bff80403cabbf49b03b27229f7e7891f8220eefe9213158fd1314baaf350c5630c8c6a940b65eb0b43c1dd8c5331f2c32acb5a089af9b89ed9f940da52477b8ea1d31c61a7c1bfac155c691eb35e499fbe67f00d3e16505c6058a37e288d06830f8bf7141d01733fcba767401c33d47ae8b9ac6a5d01be9b436bd9ead2c050c9856b03828ea4f8e74c475a283f99229058d0ec8fffbcb2caa426775a48fcae2c53a7d6a5cf4fe185818f8bae252defe4a9ea9991c087962f576dae18047957b09169ef1ef16965dcdf6bae61cd9529cf4c510c595043e4ed102e14be9644c672258047fcacbda0cf6250a2f2fd76eb19cdea443eebeca0d5d2e6121b454249731648c17ed674629f2b3ad3d967d521ce0f9141a3e0a886e485c6a0e0f2ee9d56aea1e3e97ff8f4734ed533b10e8b016878a8be0aa9c8a12fc928237d0a3b934c4ef800bf96ad85ae14781d7295afde6879838037be2779827b83490a1c439032cf3d5dad60ee300c27dad583a27e40af4ce2d90ec0995524b893e99c5e770e3fe29f733f616dd86b13b10221b84baa897353e6a92dd9b4d42f529d27250c6fac479e5114cdf05e41be1083a17dbd7495d2d8e92f8947c0a21016ab9ddfcda41504db655fdd8d4556354feff20cbbd7744e00cb275b9092262021cf16e3d25d8210e7a05613d71f809c23f294b95e0836568d0801135558352e954abcc3db959183db9b1a2a0518db5978f5a4d0a65c22fe203c0dd218faa69bcb0ed8c32d0afc0bbc8dc53f746876f3f271324c4e3e48b1a2cf6c02df394bc975b839b431d7e9e83aca10de45984d605f1a8fb05efdaf249908a2878ee8c1bf0be6d853bc194b1a05a67cddc8117dcfc8f736f56e9c3df3dc30ce16a166217399461a2a28b8abd46e6c02095171132fdac9903ac593e500f555ebcea1604aa36e4479cc782bebbfdbf4de03b56af6677bbd0aacfd53cd147eaa6a5df2a5ae8735df8d66d5a7708c74458fe29784e8ba1ee39a98fcb1fbf0f9202e33275f5a8bc86c3444f677110978630888af913cee798b43e971b4e02374c4d9c024934c6970aa3f83748fc92df0c10515dc2ef0abeb6e7eee168fc2174c7017dee6db5a1185dcf64e27fa202bbb559567f4570e0147520ccf0daf94840acae5c213a73bed1e5728c8f89febb5f7fc094dd10d229125ea7e299112a585ca8d0843738df27f33d1a791969e791aa96958b6e4ae30c18885569016d19f8ef972c3aef32032e1410d9cfb315579844d2aa942c7053b65e9c15373a108781242800e97b6c8d31a90da1fb5dbfb128e75a315a6dd44bdb92a49b7ae67cb61c21effc9a0cf4dd1548df28025734e69e1a02e41efa07010b9a170e2dbc34d1ad5175f72ef8b9f4f86be3b8dd9dc8c9205e6c47a0e82a2750de555d049bd90438d2278c18988b644b5a16de336df6035c3244b52908dd276567fa060d07b1259d04918b3654a0155f508fe0052a08e9415928e1631fcc50c0bc562ad7dbbfcfeccdffadba1ddc798b31025977690a74f313b1c7976f4d7a866b98e807c66a40838eaa63ce259d27df6518deee207894834b11c368496cba225a6afc1a2593aba988613962e0413a24df25561b719e70f7bba1018da837defa09f0a83e9ee61d6333e7d2f9929be0fa12e36fda98bf740594f619dff4c9a50bb6c625f47c38d11558f122610a4e036564dd4a63ffaac837f75746a9257793fc569ba9e4681cde1af9fd5675889574f99a23f3ae53aef6e29862c30ccf51116fed8b9c67ed55634a562e71a348c7eb083c15d06dc9a96953f3f2fc0d653c2021e61547121466b38986fe8ecaf736f7fdf6f1a376a74e482786600d32560a70020e3d23d32b91294f0fea7d429762cfb316350137f5c819ffe79ac271212cbbf565f1875c7ba01a94b63a83d416569427494cedf9fa44c274c51da61dae6da1dd08120b6188041e9b7b11280445fed16fb8b0b33601856a28bfc9a3065081fc23a324109ce6066bf178fb8173c857e8b973349bb360538b3049268fd13fcbe99a1ea5ae4fff0ecf8a8674eb8ef36e3bfab85b21ca9dca1ce6d31e1b7f9bcf85ed59e6e85801c4a424dc43d3d762db9b8c509be0dc386dc5ff6144d9069dec2d8d9748d6df4dd190fe6d30dee25fa1f96989d5166223908e26d3f62d9aaf4521875df2f5704091031660531e44604a8dc957fc9a811c0cda555c0838bfa7fbc1ad1b17ff73cdf29a73a187c12c13b442c68dc2207429c028c94ab7eec20290f65dc575ac0e73bdba76709977eb4322d5693ba5a57be05094de2d538c257c736a22f1f9601a5afd53e104a3ba1a6fbd25e5b11ca8f197ee09f9f4fd89dede8ba1c63e5105007309641ffc633bf9b9cc01d481878a70beba031859109eaf9e503ca306d7393ef812b7d1c0215805819f8ad00abdf7e9855b1034470794d70385adef962d3126046fe9d4b0e8cd878b595af58813916479a1ace9d9f905a7389b6dc281075f69ff1b878887d7420cf210bd03ba9053f1ee9e17552663ecf6fc0f6706df3d506690ccb8322b67c8b5255e1e3670266fac59da81dd69fe60ee819fac7a4708a1150975b0688866badd58f6c42ee7d4f49b03fe72100d45a12ab8d2b44e74acb7d37021653c244e5ecce22ebfe2537b8da39f876cb5177fdf78302692d9b5e8470aa22f68d81f8857918ad1125cee99772a02f4fbb447889cbedbc06bd4e0998d1b99b21166ea9c61cfae41e2f3a10505c14f990bd538826777f3b08e8b9f4b3061412ca2c47a2f58c4876544cd8fbb952185303dcbcbda00ef2e674bdfab28b18af3554ec03ff550c499ebf6c4ff62e926e37ad5e2882532703534051e86d9cf6fa6ef605e0d64c9481a1d0fe0e50a72bbeb6355db2ba151b289b5574e20217f23747074c8c2ae6817e4b52fedfa31c72fc173bb3fa313ce8248e2e627d108b7755c5f0098924a834f63166cc89adb580b1e2ba17364837ef8d1dc5d4fe8bbce87299debf065a86c7e34e348ae2ba772a2543f877c271529042211d38148ea104af768281652618a936e72ef7f7597a26373c1f264b774ca05a2de7255eacfafec41e15e9933c23087d5d51b57ffef5db0eb3afec603b96ba12733c1567a2e9e34062240d92479f9b777b5e5507a02f4fa4a2797165b77b2ed22b9ab6a64d3882564c4055aa46b6c9dbb9092f4a3338f0642584ae8211f2d43016eed47ec629deea46bc14a6243f1c4a854d5feff193c636fe4fa5311419f88b7fc706ba627698916ec484371049a38faaf397c97431d32fd1116efcbf5c0f79365bbe32880ec5170fe4d29c3499203be4ee2eed8ff4b14e130d131d1a834e498dd6adb42d92f715c42e673af3180233ae56005f7a22e5eaf434997234141da74ec86e8f25640f05ae2a9fc36240b726393cf6827b91f7dc5af4aaa501401bcf7f45c6b5983a26535598a3c6df805bbeab5affc8c755d3fd9c83a5962c35c425e7f325f1142e1d8cd2fdabaa088ff73cb03d272d33befb60d0a656e6473747265616d0d656e646f626a0d35382030206f626a3c3c2f537562747970652f496d6167652f4c656e6774682031392f42697473506572436f6d706f6e656e7420382f436f6c6f725370616365203437203020522f576964746820322f48656967687420332f547970652f584f626a6563743e3e73747265616d0d0a3747adf7bb93c82ee361daea91fc6105223d2f0d0a656e6473747265616d0d656e646f626a0d35392030206f626a3c3c2f537562747970652f496d6167652f4c656e67746820372f42697473506572436f6d706f6e656e7420382f436f6c6f725370616365203437203020522f576964746820312f48656967687420322f547970652f584f626a6563743e3e73747265616d0d0ad78fe918ac97c40d0a656e6473747265616d0d656e646f626a0d36302030206f626a3c3c2f537562747970652f496d6167652f4c656e67746820372f42697473506572436f6d706f6e656e7420382f436f6c6f725370616365203437203020522f576964746820322f48656967687420312f547970652f584f626a6563743e3e73747265616d0d0ab3770ece411e490d0a656e6473747265616d0d656e646f626a0d36312030206f626a3c3c2f537562747970652f496d6167652f4c656e67746820342f42697473506572436f6d706f6e656e7420382f436f6c6f725370616365203437203020522f576964746820312f48656967687420312f547970652f584f626a6563743e3e73747265616d0d0af1f030780d0a656e6473747265616d0d656e646f626a0d36322030206f626a3c3c2f537562747970652f496d6167652f4c656e67746820372f42697473506572436f6d706f6e656e7420382f436f6c6f725370616365203437203020522f576964746820322f48656967687420312f547970652f584f626a6563743e3e73747265616d0d0af7ff316a2d53680d0a656e6473747265616d0d656e646f626a0d36332030206f626a3c3c2f537562747970652f496d6167652f4c656e67746820372f42697473506572436f6d706f6e656e7420382f436f6c6f725370616365203437203020522f576964746820322f48656967687420312f547970652f584f626a6563743e3e73747265616d0d0a237cdd292677b80d0a656e6473747265616d0d656e646f626a0d36342030206f626a3c3c2f537562747970652f496d6167652f4c656e67746820372f42697473506572436f6d706f6e656e7420382f436f6c6f725370616365203437203020522f576964746820322f48656967687420312f547970652f584f626a6563743e3e73747265616d0d0a43a5b1ee09abde0d0a656e6473747265616d0d656e646f626a0d36352030206f626a3c3c2f537562747970652f496d6167652f4c656e6774682032322f42697473506572436f6d706f6e656e7420382f436f6c6f725370616365203437203020522f576964746820372f48656967687420312f547970652f584f626a6563743e3e73747265616d0d0a959dac2f660b01462860846ecab028d7aa57183c28790d0a656e6473747265616d0d656e646f626a0d36362030206f626a3c3c2f537562747970652f496d6167652f4c656e6774682033362f46696c7465722f466c6174654465636f64652f42697473506572436f6d706f6e656e7420382f436f6c6f725370616365203437203020522f57696474682031322f48656967687420312f547970652f584f626a6563743e3e73747265616d0d0a1c14ad9e4dea7a413dd5089c48387140fa09c8fb5f81708d81514196d91703bf9e3a46080d0a656e6473747265616d0d656e646f626a0d36372030206f626a3c3c2f5374656d562038382f466f6e744e616d652f417269616c4d542f466f6e74537472657463682f4e6f726d616c2f466f6e74576569676874203430302f466c6167732033322f44657363656e74202d3231312f466f6e7442426f785b2d363635202d333235203230303020313030365d2f417363656e74203930352f466f6e7446616d696c79285faf65cbf0292f436170486569676874203731382f58486569676874203531352f547970652f466f6e7444657363726970746f722f4974616c6963416e676c6520303e3e0d656e646f626a0d36382030206f626a3c3c2f4f504d20312f4f502066616c73652f6f702066616c73652f547970652f4578744753746174652f53412066616c73652f534d20302e30323e3e0d656e646f626a0d312030206f626a3c3c2f4669727374203232332f4c656e677468203735352f46696c7465722f466c6174654465636f64652f4e2033302f547970652f4f626a53746d3e3e73747265616d0d0ae1de389556b97b9a4076c59eb18a5d3d37a14eac9811617d2f776fbb0108b6d7c928e17e40a76cbcdecadd03a5375f5653beaba21b5174a423ab958ac985d72e113147e8c9231e820a7300d282878370628805db0da642642755ec565922fb8e35b13d3d8c4b2198839b0444cc80d5981bbca6441698765ea676ab09bcebc7642c54b2e943721c4db9f3a5f63db9947ca8d2dfdb9c0afd23ae023f562f4ca4d51efdc509c44421eb647afa5bdddeda0e3014ca92b85cd6ed51d8913f5f1c2675ad0b91a9a8012e14d5cdd28485c699e9f179c7cd85cadb56ae0b8e1b4e182b102f9d61e4d8c722bef6f19a12b68795a85072f0928f35d03d55b277313a9b9095ea3f2db631fa195a44264a95307a955a6168f6cdcc49aee88e1452c367eb2d15fee2f4ab6eab1a6a86fe9e7c34a2b517d2e219283fdce329fbb9189e2afcca034ac92db50c5c54bb140a737d65e2aa96975a426c9c5d6f0f27afb964bd00212d7c484bedd6df3b3f876faeecc7948bc4ba637db790cf7e263e64b716a2d8c95fbb07fcec68c5d9c005d4535c2076c84c965038a19e00152b78047d8d1611271c0e53bb7a2342ec65e3184e14244aa627a9c5621da2f00eb9903fcf4daa1d403e80d134fca22deb11737c75ebbab9f5d23fccaf819445b24ac57e7e88f9563d9ff82c7047deb8374dc2696093d4234a5dce679773c00d530753bd2f833b44ea03fd4297a5e3fb2697d151f19c7ae77f111b8d16ab998151193a45d152b48dad739df79fa39266e75c7e912f46d9c38dae563fb103ef3b09a5b5ff7738a2554bc605ced7466a47e3628e01c6cf5605ebc093c19958e11573ce71314937dc68f9ee37aa615e8e94490b9c9beabf92e1b6d111d080f8ee630d42a77265f8338bc449ad605d025c8fe99e0f8acfcb0bbb730bb55a31ce77b693eb96468f5c2047bc0f057fcf6d5f7e822a99be16b0bec1317867379e4a4388340b1a0663e66b880621aa628936af469cde844df8b367923071a48957c42d8027d882a141f53f8889a0f316b813d37be02edf17c039d89e0571899df10d0a656e6473747265616d0d656e646f626a0d322030206f626a3c3c2f4e756d735b302033203020525d3e3e0d656e646f626a0d332030206f626a3c3c2f532f443e3e0d656e646f626a0d342030206f626a3c3c2f436f756e7420312f547970652f50616765732f4b6964735b3430203020525d3e3e0d656e646f626a0d352030206f626a3c3c2f537562747970652f584d4c2f4c656e67746820343333362f547970652f4d657461646174613e3e73747265616d0d0a31081e9cd77060f19c29b81bef2ec3fc053dc4acfdf17cb5a2a63c5bf6a309fb500a56094a51a13bb880b958b47b8ebc2eea56e90bc9f16efa106966a8398e2d8f0d513295d6d50541bbf23deb8f9c2b581ef358c86eb42d4aa9998cdc8b4d2bc6ea52e0235d8624b681aa1d11711c4299245645227ff110771651e46e1884ffffaea2849b22c77e4641941a8c6776f6c7167980c17748939c9be816c518cc4339149251aaac154c701d6adddf0274cb545585e2e7acb3809ad82ff99e0bca98bcaff3358f8595e90dd23cf6545b8ff8fdc8257d2c26615eabd759dc4734c095282209efe9a4e2ec6a99569a0ea05e33ff7c943c0c0593aba98f85494e949a4db44e8aa18a4ea42f97a8c039a20e2a13f44c99a8987d29f65b618907b6f8bd136ec0e8e1f5ddd1d518b574c2327f5d414f091eb691a6f68efd308cd9a838617baf28d61ee33425b749d6f5ede0d41e15a2a4b86a4475a60f0e74cd352d20adbafdec13a5be2489f3f8b580fd9ead083378eb70078f5d33b80fbccbb13c0959800346637ecf02ba4deabee2fb1443cfa7e18b290e3e1d42f0178ad62e5fc7795585ebfadbe460bc543be8a21d0147b82e614381d70eba47c9ca7e4ca23e20b181a30dad68527aeb154b19af93544125824db99539d960bca0fc8828c61dfa21cd3bc2efa7667b560398ea03f489637c8ec6107ce4e7708d50524ee5a8bdb91537c393357949523a4153570f01a84c2bfe8f63649f2e5dd95c4c811a63de53faa19f51759267e4a17c851d32dd4629551bd3134bc756be1a4070c3cec8376e4e3ead3f1eeb14fd5b6817831bba6bba3d08b1741160b26a692d9d50d012d175c2aad13950bc7e2e07fff855afd1d1fa36c9a33faef316253f31333070db42849a2227fe3fc48d78c3d04add83a8ad18675f7f19c7333fa11b1cc44039c3d0b9acfa10c1d68a3375d011d0464a3102e572769e98f7e818a03898d4d1d49c5ba097ca281dfe56de791a71653e56bd09432a0acc270bcb0f4b8f038420186923043f8b4a1d237364b3591c707a0c78f8b798559f30ab8453c2d537d940e4bb27e0b5d8b6634e8a707cf065920f7dd027bdd7bd9e922539e7877c3dfeeee94f86b43ffbd1bcaf70a7665b89ce520b28add91ce666a00a4a8ab70eb44f7c234d1feb63c3493f9556fc6b9fdd5642173a444449695f09635dd4458b5366629d7910c886068939f9632fe2714b974de757fc82b7baea924e4cbb7de573ff54bf1b9f41b85070db6b264bd21c8932badfd4e28615936eb2af1b4717b7568ebd00a2fe5df194a8fd063c4603ddb98c4da61366b12cd9c493122d6f7ea25144c48eb1fe4d809bdd90564e4352499ac4d59ea39f90f7d6b72a3bb06ec834c76a09b858b8ee55c2a443d3d4c8d6a2a7898f687d5f1ed407eb23de50865d12c212a047ee5b3456a3db8389b3d8d68c24c337f06228537e4a8425baf7f868183ae43a9da81060677418862cd446a82b8713e06b35e55ad30dca084d87944bdfee5cf26b1ee2c68ff43efa974f9bdc6e83a7cfb666e196a4d8162c9a56ba6819911f079439358d0d327debe2bc25b16ff0151726084ebcea464c36803c2d701d6014c9e8a7523530e02ee27013d04e4644ee6ef9025e5b79cc12e7d7a8b7b6709620c2a59480c1eeadc7eaeb382c9fb595278683098f3a5e4f688eaa297ea4ea0980faaa11700a4803e1f09154aa526b71e1256cff4cf78d9a0378456a67a2d312391b4b1b969986f8a72e87619b08dafa96d2143e52c8a908fe61710bee2c010cab503a011d0d9239f2ff9ce1e5b7741311e65cfa4d262fdb22e7479e765654bdd36dda1da963cc79d0ae6c942888ca7d327c3023f6039f2bda2a10c31e2df09c485a92446e0c151c997e07b64626899a52a27d2a362b561992ca88af7e1958f725f718fd459d585d32a8e14c443054b46e6e3a08a723c981b6aee5c8f6f7fd082da7ab3127d017ad7275a2ecc3db7c69c925f0ffc0e317e57bd6013a3d3d8d04f0ab3481a3fbedcc28020a55142fb543ed2f266da2ac39e647cd4e5c38c0f697e943cb52d65bb8e05d6d81ae746552dc1ce6a0b3da8e3879db17f8514321de8c15334de0dbb41fc76883f55ee63ad908146217eb591fd3d6b5077414b77deef7579ba1a307bc0fe180435495a6b03216bababa27e80a09d0c76c1d8f9b98c6d2b44df4b3c99a78389ff02bc9ff52c3ea812f483bc246dd987303ae31102a5781d1db3f4b17bbc295255d23e7e66c1618afa3880c3ed5bb5bb82af0b4ba2d29905b0b5f4e250dab4b94a9f3fb4a01231f6a74f6f37f92ccd1c138436a7056b6a4a61370857a0ccac48d50b7e66a84aff384230bb35d8a99d9c89d416878dcdd41bd18c4abd4a4cc5b0e0811add4e571becfaa96151b22f717ba9873cc9a1b2f2b7903bef0268640a471c8eca92a429ba3191ec4d5fe59f8364821ee7288527a3b792dcb0611f1af16cfd44f5ba2eea2152db6c70163fefce4bc8aafb6575b367044d0e05aa1c82bf009277d9f8bf8ce6a8c4333134e18e00c3438445fd960b5cb5a41796ffc07c4192e1870160bedd90e3d69d12efa41d8012e46049e454a15c3a92f539bdb748328068e84843432644d27b45ac6dadab65f286bce602f6bc0b96da28d2a75440c5bed0df61723dd060e6455d0921a2927fcf367ad07e324706c4e7255de34f1ef8d0f039675b04037d7709a53ee2fd784e7f95b3ae9e51a2c8bf7cef1e389f53fb6ecd2fb5515ee41435d43094051f22cf2851ab611a1b41496deefd42740db6f6c9a49412bd1e30a306355d940fb71d36c3461f4a58ac5ac5a7148d8313e5f35c5b947ae789dcc0700a6feaf29c2953c5063caa970a07ab0e1d6b0620d402a0941c194b7e256d6fcdf54d29dd0abbd40ca4e367798057503a46d61001b572fa4099c31c6c7f244ce59d626f2fdcb054711ac4baa432f24c272167fbc520b84e98ec04f926d5b1cebe3ffd9161db2cec36cdf510784042283165563e5cfac2d52e55ff7bd5eadab086e9f38d6adeb5d69a0526271681631ca2f60626a868d14b6adbffa93064a25cb57d744cbcf55847a13d009deffad01e09f1d0304d62b869139d0336f69ef3ae54b4257081099e6bd25128dd44b6e37bdf230d7fd12878b5659bb1616ab6c41992adebba767de878b7e56ccd1d158c103be51eebd324f82a0751a9bd7167357dba8892b75d40ed2895d232b8e59bac103d897e2a4fb0ae8ad09f41e872344ee39bbadba68c70e71afa62670fdbae91b7b7ea316c551739c3f6625ca45be0353cee825a81ac707c836486054c300b01e3685995d825d7025e3ff66b395ee20dc2549a207bbad326a1e80b65d20fdd9a124b42a2903b744e5b4c2784a3d9a493e5912b016a33df12f10a3c579c7ea6fffda974806761c892d603c5eaff2be453fffc9338422e32c36b930f3dfde837aca4af42d298a408e23aeff07209a1c63923d894220da2c5a2ac518f6bd80ba8dafc52433210f9c3f4983afd39bc4ffb0586030e368b2fb4e744fc2449f47d9cc1c966585b685ef81433f9b4917ee2694df97c6011fb489f78709a0a7489121df74ec051f787411dbc7fd9438c4d337ce7cd00b8deec709fd12ec3b44709026a321c8dc4e7e033b4da3794c2c45a4492f862c952e2c5362b3164a1a2dc6d6218759e2124f0f3d5dba1edd786824fb1a4bd9b238f68e293fed9a39e4aa8355b871c009c0a9c29e3605a3647507ffcd1652105e98c3728252bf70eb161b78f624824287b99b9baa5ee8bd89966c18c78756649ff9e9ad6a3520aa4e81f5b013b5d03c428ca364100c9621048ddc512e2d97d5324a17d67e25ca9feb0cf80917fc797154c8b96c754a3a8986e5f94904133c2e1d0e7aefaf89d4f80939ed94a10136765322e1df33053b13f0feaf0c4ecb9b6925d91b6505e358ec7682dca51599f060f75fff46048fb648f8bb12e7e95593fc259eed45e780a100f83b5ebda8c40bf79ac5437f32c7dc2265674bed425b57c0ebdcf94eeb4654be6f1bbec686d057f454bb61b8d240eded9efb4172c927529dc5720a069ca3157e39475bfa7c4d337c3d299f1a7a63a8c5fa9c3fbe32a087ca30f4ad33885c1d43d24e6865abce0ed1037daaf849c1fd21cc15e3e26efe8c73740a00a45527ac46f3b1a21535ffd286754b315228c7c3a6f8ff2e72aff6538c3b2f60d9e4b4f88074ddb4729385b6b6cc543c3fc1011e6d7145215a39a79c58255b2c82b2bae27282cf34c099227b303c77dfab636ea0b9f2065a7c4f51bd6b753357779ec9364785f4ce0a870e3ebd84177040bffa72be921e9944ae1e758493110fdf87196d4ca3ab252ef6e2d0739c697e9770c88697d1ba48f78f2ef4ebc5b63929d2959ec397f051ccee95386f80aa1caf3b2e66a1c2bef6d5c3100b83198d03fe958000b0e5b54ac089ce2348efceb7cc40be547dfaa7092d600d55d42c302538d39ae095d48c74d9647a96702aaa5370ffbc3821d9f332bd21612ebcafa9efceff09b373129b5ec545647eff736d315841084af75e781a4538e12d75862f5a1d898e418a7d4be9b11c358af6f222d71ba44f3a399fb357528a7f8519a44b6209b6a8bf4cc47f458c4eb451717ea5fb15dc6caf0a5c17a3c1e7c7055f5bd0534b3cd3238bcc0be7d268fee3e27f93776cc278dd149f591a7b1a07aa88dd3365a8ea9f70c703ae0ac1f2f659e3088d224d22c427d38baa2179e8e89025dfd983e0f2e31a0b9ed129ca755035e7fa08d83a23f388663416a18850492d84490f966cf0e751e3770a545f0edd435bdd431561aea928ffe82d40eff87dae1d5d2279149e9aea305fa0f4ee424751ed95485bc09ea2a44a61e0016305259f3bed3285a6d14ba2b7d79cd0f3cabfd26666f2707b5492cf9bbe64dd8a3075a915420d7e25878faf25e0ae69fdd7ed9ef633c843fc2e04d95ea7acaf59db43727b89b4d141548498407747ac4cc1213aa92a78b24fd5b2b1467137b75fec8b4589747e8172e4bef874de2a056c81ae544c18e4b194d7b0aa15335c84a9ce2388b9446f5b989b1e81a449bea3289ce1fe936e238369a95d3bb48e2bef1f4258464b9da7d4f66b273e932f900dbe185d15ea1e8f19ba5e2721e45fb77b445c8e7d549430f0798eaf276e70215738131b713dc238832a61efdfae7202349b515fbd83d35a64d158dfda89d6595b8c77d3152fc511077f97a47192ae77ca53f66234d621e684c6e7f55ee94dd26330e8ce3118fa9bcc4d232ae0ece1a6df65e7c33c2f0f9bd11364e3f887a4b2d56e233793d0219cca7df14dafd0985510c31a232d9561258469eb32879163cc19726db8f068f8267c80c3fb1183d6f209a0152e81625c4755bcb70ff624c993c0f1deb453d69d2d2c00a26f1a95448de10968e2307f16d13924943986b6f22c6551d580bde984aed9e8aac381ba8dee49b31abac0279e93742a8e2e688bac2b1cae3ea1d0cfdb8869df973f2f371312174323426d5dad23c62c9f8e58269803284392a6a90a672b101767c17239110803e633792e6bb1448063f7ce26c377fa11a1b3e957adcecc48c73d19e1c8384dc34cbf9d484c8fd9806c8183a45ab2fae9e782d1b48b8393c4ee4f333b7cfe1a33fff8489180342fba203cbcd76bde0bc476eddac5bb996dd67994867cbda04895c6ca74e3acf89d30cff8ce5c0896d48c5101f4ba4de0aba4e530461753c10ddc139a5cb61ab330504d51bb3ca49e0ea2d9b7ca2030c8ce5e104b20f8ea15c04989f3c64df46edc7b7588b1fea270ccb471916d624545b00af5415791fae2227bba9140130bbf0a126aeb3d1914495b111c5b2a583876aaa815cae1ac1d95f9a98ee2605cacef09a2ce93c97ba10914ee54ec27db7cd47de74f03d14f0954aa4e4948b44a79a27643412c2e3e05488198cd7595d6ed990660c43f14091f3528c9a608144cb5c57f3eec645ce21747eec704af229980ccbd143b19efaedd91a18aa3db61db65eb603fe5c8590f2472ab78351a673ee8e6daee3d9ad2e56b644d988de855cbc8d9e38cd7a3b482bac9d75e32381e7cc8be97f71ec26db72c7a8dc2effadc3bf95fdec93add50547f69220d0a656e6473747265616d0d656e646f626a0d362030206f626a3c3c2f4372656174696f6e4461746528d0eecf3c7a2d3ade7875d1f7ed8d42ce19807b13f6b3e9292f417574686f7228cda1966324354e8d382092b6b4dc1c8a14df2a1483e7bbab99c8d904cf292f43726561746f7228d5b78f635c28747ec81805a68fb8d2178c14876204e8b4eeae97ce903cce8808292f50726f647563657228d5b78f635c28747ec80c5c2893b6b0d51e9b46907b1af6adfbe8d0ebd905c5951b77f3292f4d6f644461746528d0eecf3c7a2d3ade7875d1f7ed8e41c819807b13f6b3e9292f436f6d70616e7928d3bb8b69387b678d2635c0adbf992b8b5fdf22292f536f757263654d6f64696669656428d0eecf3c7a2d3ade7875d2f0ed8b47c8292f5469746c6528b484b94a6a416f9b3c61b0a3bedc293e3e0d656e646f626a0d787265660d0a302033370d0a3030303030303030303020363535333520660d0a30303030303134313135203030303030206e0d0a30303030303134393635203030303030206e0d0a30303030303134393938203030303030206e0d0a30303030303135303231203030303030206e0d0a30303030303135303732203030303030206e0d0a30303030303139343834203030303030206e0d0a3030303030303030303020363535333520660d0a3030303030303030303020363535333520660d0a3030303030303030303020363535333520660d0a3030303030303030303020363535333520660d0a3030303030303030303020363535333520660d0a3030303030303030303020363535333520660d0a3030303030303030303020363535333520660d0a3030303030303030303020363535333520660d0a3030303030303030303020363535333520660d0a3030303030303030303020363535333520660d0a3030303030303030303020363535333520660d0a3030303030303030303020363535333520660d0a3030303030303030303020363535333520660d0a3030303030303030303020363535333520660d0a3030303030303030303020363535333520660d0a3030303030303030303020363535333520660d0a3030303030303030303020363535333520660d0a3030303030303030303020363535333520660d0a3030303030303030303020363535333520660d0a3030303030303030303020363535333520660d0a3030303030303030303020363535333520660d0a3030303030303030303020363535333520660d0a3030303030303030303020363535333520660d0a3030303030303030303020363535333520660d0a3030303030303030303020363535333520660d0a3030303030303030303020363535333520660d0a3030303030303030303020363535333520660d0a3030303030303030303020363535333520660d0a3030303030303030303020363535333520660d0a3030303030303030303020363535333520660d0a747261696c65720d0a3c3c2f53697a652033372f456e6372797074203338203020523e3e0d0a7374617274787265660d0a3131360d0a2525454f460d0a, 'application/pdf', 'testhead', '2021-05-26 21:54:42');

-- Dumping structure for table rdms_db.teachermaster
DROP TABLE IF EXISTS `teachermaster`;
CREATE TABLE IF NOT EXISTS `teachermaster` (
  `TeacherMasterID` int(11) NOT NULL AUTO_INCREMENT,
  `SchoolID` varchar(50) NOT NULL,
  `PublicUserID` varchar(50) NOT NULL,
  `PositionID` int(11) NOT NULL,
  `DepartmentCode` char(4) DEFAULT NULL,
  `StartDate` datetime NOT NULL DEFAULT current_timestamp(),
  `EndDate` datetime DEFAULT NULL,
  `UpdatedBy` varchar(50) NOT NULL,
  `UpdatedOn` datetime NOT NULL DEFAULT current_timestamp(),
  `IsActive` char(1) NOT NULL DEFAULT '0',
  PRIMARY KEY (`TeacherMasterID`),
  KEY `FK_teachermaster_teacherpositionmaster` (`PositionID`),
  KEY `FK_teachermaster_usermaster` (`PublicUserID`),
  KEY `FK_teachermaster_department` (`DepartmentCode`),
  KEY `FK_teachermaster_school` (`SchoolID`),
  CONSTRAINT `FK_teachermaster_department` FOREIGN KEY (`DepartmentCode`) REFERENCES `department` (`ShortHand`) ON UPDATE CASCADE,
  CONSTRAINT `FK_teachermaster_school` FOREIGN KEY (`SchoolID`) REFERENCES `school` (`PublicID`),
  CONSTRAINT `FK_teachermaster_teacherpositionmaster` FOREIGN KEY (`PositionID`) REFERENCES `teacherpositionmaster` (`TeacherPositionMasterID`) ON UPDATE CASCADE,
  CONSTRAINT `FK_teachermaster_usermaster` FOREIGN KEY (`PublicUserID`) REFERENCES `usermaster` (`PublicID`) ON DELETE CASCADE ON UPDATE CASCADE
) ENGINE=InnoDB AUTO_INCREMENT=14 DEFAULT CHARSET=utf8mb4;

-- Dumping data for table rdms_db.teachermaster: ~4 rows (approximately)
DELETE FROM `teachermaster`;
INSERT INTO `teachermaster` (`TeacherMasterID`, `SchoolID`, `PublicUserID`, `PositionID`, `DepartmentCode`, `StartDate`, `EndDate`, `UpdatedBy`, `UpdatedOn`, `IsActive`) VALUES
	(1, 'SCHL0000000001', 'TECH0000000001', 3, 'MATH', '2020-11-20 11:36:28', NULL, 'a', '2020-11-20 11:36:31', '1'),
	(3, 'SCHL0000000001', 'TECH0000000003', 4, 'HE', '2021-05-02 01:50:32', NULL, 'a', '2021-05-02 01:50:32', '1'),
	(9, 'SCHL0000000001', 'TECH0000000008', 4, 'MATH', '2021-05-02 02:34:35', NULL, 'mosses', '2021-05-02 02:34:35', '1'),
	(13, 'SCHL0000000008', 'TECH00000000011', 4, 'MATH', '2021-05-26 20:48:53', NULL, 'EE05WW', '2021-05-26 20:48:53', '1');

-- Dumping structure for table rdms_db.teacherpositionmaster
DROP TABLE IF EXISTS `teacherpositionmaster`;
CREATE TABLE IF NOT EXISTS `teacherpositionmaster` (
  `TeacherPositionMasterID` int(11) NOT NULL AUTO_INCREMENT,
  `PositionName` varchar(50) NOT NULL,
  `PositionDescription` varchar(500) DEFAULT NULL,
  `UpdatedBy` varchar(20) NOT NULL,
  `UpdatedOn` datetime NOT NULL DEFAULT current_timestamp(),
  `IsActive` char(1) NOT NULL DEFAULT '1',
  PRIMARY KEY (`TeacherPositionMasterID`),
  UNIQUE KEY `PositionName` (`PositionName`)
) ENGINE=InnoDB AUTO_INCREMENT=5 DEFAULT CHARSET=utf8mb4;

-- Dumping data for table rdms_db.teacherpositionmaster: ~4 rows (approximately)
DELETE FROM `teacherpositionmaster`;
INSERT INTO `teacherpositionmaster` (`TeacherPositionMasterID`, `PositionName`, `PositionDescription`, `UpdatedBy`, `UpdatedOn`, `IsActive`) VALUES
	(1, 'Head Of Department', 'This posion is head department', 'admin', '2019-11-04 00:08:23', '1'),
	(2, 'Deputy Head Teacher', 'Deputy Head Teacher Roll is to manage the School', 'admin', '2019-11-12 14:25:31', '1'),
	(3, 'Head Teacher ', 'Head Teacher  to manage the over role school activities ', 'admin', '2019-11-12 14:38:50', '1'),
	(4, 'Teacher', 'Teacher Role is to mange classes and pupils', 'admin', '2019-11-12 14:43:48', '1');

-- Dumping structure for table rdms_db.usermaster
DROP TABLE IF EXISTS `usermaster`;
CREATE TABLE IF NOT EXISTS `usermaster` (
  `UserMasterID` int(11) NOT NULL AUTO_INCREMENT,
  `PublicID` varchar(20) NOT NULL,
  `NRC` varchar(10) DEFAULT NULL,
  `Passport` varchar(50) DEFAULT NULL,
  `UserName` varchar(100) NOT NULL,
  `Password` varchar(300) NOT NULL,
  `FirstName` varchar(50) DEFAULT NULL,
  `LastName` varchar(50) DEFAULT NULL,
  `OtherName` varchar(50) DEFAULT NULL,
  `EmailAddress` varchar(100) DEFAULT NULL,
  `ContactNo` varchar(13) DEFAULT NULL,
  `GenderID` int(1) DEFAULT NULL,
  `MaritalStatusID` int(11) DEFAULT NULL,
  `DOB` date DEFAULT NULL,
  `UserTypeID` int(11) NOT NULL,
  `UpdatedBy` varchar(50) NOT NULL,
  `UpdatedOn` datetime NOT NULL DEFAULT current_timestamp(),
  `IsActive` char(1) NOT NULL DEFAULT '0',
  PRIMARY KEY (`UserMasterID`),
  UNIQUE KEY `PublicID` (`PublicID`),
  UNIQUE KEY `UserName` (`UserName`),
  UNIQUE KEY `ContactNo` (`ContactNo`),
  UNIQUE KEY `NRC` (`NRC`),
  UNIQUE KEY `Passport` (`Passport`),
  UNIQUE KEY `EmailAddress` (`EmailAddress`),
  KEY `FK_usermaster_usertypemaster` (`UserTypeID`),
  KEY `FK_usermaster_maritalstatusmaster` (`MaritalStatusID`),
  KEY `FK_usermaster_gendermaster` (`GenderID`),
  CONSTRAINT `FK_usermaster_gendermaster` FOREIGN KEY (`GenderID`) REFERENCES `gendermaster` (`GenderMasterID`) ON UPDATE CASCADE,
  CONSTRAINT `FK_usermaster_maritalstatusmaster` FOREIGN KEY (`MaritalStatusID`) REFERENCES `maritalstatusmaster` (`MaritalStatusMasterID`) ON UPDATE CASCADE,
  CONSTRAINT `FK_usermaster_usertypemaster` FOREIGN KEY (`UserTypeID`) REFERENCES `usertypemaster` (`UserTypeMasterID`) ON UPDATE CASCADE
) ENGINE=InnoDB AUTO_INCREMENT=28 DEFAULT CHARSET=utf8mb4;

-- Dumping data for table rdms_db.usermaster: ~10 rows (approximately)
DELETE FROM `usermaster`;
INSERT INTO `usermaster` (`UserMasterID`, `PublicID`, `NRC`, `Passport`, `UserName`, `Password`, `FirstName`, `LastName`, `OtherName`, `EmailAddress`, `ContactNo`, `GenderID`, `MaritalStatusID`, `DOB`, `UserTypeID`, `UpdatedBy`, `UpdatedOn`, `IsActive`) VALUES
	(1, 'TECH0000000001', '55445/16/1', 'cc', 'victoria', '$2y$10$HB0sebWRfgUERgffPstyIeKC8./BoKM.VV7ltF8rVOK/aUJphE2Aq', 'Victoria', 'Chama', 'Tabo', 'vicy@gmail.com', '988755487', 1, 4, '1997-01-02', 3, 'Sys', '2019-11-14 08:56:25', '1'),
	(2, 'TECH0000000003', '515151/8/8', '74444/45/45', 'edna', '$2y$10$HB0sebWRfgUERgffPstyIeKC8./BoKM.VV7ltF8rVOK/aUJphE2Aq', 'Edna', 'Changwe', NULL, 'ednachnagwe@gmail.com', '977100587', 2, 1, '1996-01-01', 3, 'admin', '2019-11-20 11:52:45', '1'),
	(4, 'ADMI0000000001', NULL, NULL, 'debs', '$2y$10$HB0sebWRfgUERgffPstyIeKC8./BoKM.VV7ltF8rVOK/aUJphE2Aq', 'DEBS', 'Administrator', NULL, 'debs@gmail.com', '097758464', 1, 4, '2021-04-10', 1, 'sys', '2021-04-10 07:49:08', '1'),
	(9, 'SCHL0000000001', NULL, NULL, 'E43435', '$2y$10$HB0sebWRfgUERgffPstyIeKC8./BoKM.VV7ltF8rVOK/aUJphE2Aq', NULL, NULL, NULL, NULL, NULL, NULL, NULL, NULL, 4, 'debs', '2021-04-27 06:08:14', '1'),
	(10, 'SCHL0000000004', NULL, NULL, 'E43434', '$2y$10$HB0sebWRfgUERgffPstyIeKC8./BoKM.VV7ltF8rVOK/aUJphE2Aq', NULL, NULL, NULL, NULL, NULL, NULL, NULL, NULL, 4, 'debd', '2021-04-29 12:30:08', '1'),
	(17, 'TECH0000000008', '515151/17/', '', 'teach', '$2y$10$sYH5vAUNqd6TA1D3hfDqL.6mqcxm92JO4xsiZNaOASc.yGx76aZvm', 'Mwaza', 'Daka', 'Lukulu', 'mmukba@gmail.com', '097710086', 1, NULL, '2021-04-11', 3, 'mosses', '2021-05-02 02:34:34', '1'),
	(18, 'SCHL0000000006', NULL, NULL, 'EE03WW', '$2y$10$w4MmxWWg.2PkMCeJ5QqwD.5ObYs/OeWwWTJvciIBnLhUDTZqueG9u', NULL, NULL, NULL, NULL, NULL, NULL, NULL, NULL, 4, 'debs', '2021-05-04 12:28:17', '1'),
	(21, 'ADMI0000000004', NULL, NULL, 'test', '$2y$10$HB0sebWRfgUERgffPstyIeKC8./BoKM.VV7ltF8rVOK/aUJphE2Aq', 'test', 'test', 'testg', NULL, '0000', 1, NULL, '1900-01-03', 1, 'debs', '2021-05-26 20:14:54', '1'),
	(23, 'SCHL0000000008', NULL, NULL, 'EE05WW', '$2y$10$8Ia5EUcDOgqtYmpPKyaRMeTNwNLsMnm0ciBPNjNNYa/DKI27S4e72', NULL, NULL, NULL, NULL, NULL, NULL, NULL, NULL, 4, 'debs', '2021-05-26 20:16:09', '1'),
	(27, 'TECH00000000011', '235478/16/', '1222125', 'testhead', '$2y$10$HdkUkJdN6gJ5nXFjjWVgTOKffq71ovd3XS5v4tyHBdqj7uznvK8IO', 'testhead', 'testhead', 'testhead', 'dm6utonga@gmail.com', '34566', 1, NULL, '2021-04-11', 3, 'EE05WW', '2021-05-26 20:48:53', '1');

-- Dumping structure for table rdms_db.usertypemaster
DROP TABLE IF EXISTS `usertypemaster`;
CREATE TABLE IF NOT EXISTS `usertypemaster` (
  `UserTypeMasterID` int(11) NOT NULL AUTO_INCREMENT,
  `UserType` varchar(20) NOT NULL,
  `IsActive` char(1) NOT NULL DEFAULT '0',
  PRIMARY KEY (`UserTypeMasterID`),
  UNIQUE KEY `UserType` (`UserType`)
) ENGINE=InnoDB AUTO_INCREMENT=5 DEFAULT CHARSET=utf8mb4;

-- Dumping data for table rdms_db.usertypemaster: ~3 rows (approximately)
DELETE FROM `usertypemaster`;
INSERT INTO `usertypemaster` (`UserTypeMasterID`, `UserType`, `IsActive`) VALUES
	(1, 'Admin', '1'),
	(3, 'Teacher', '1'),
	(4, 'School', '1');

-- Dumping structure for procedure rdms_db.GetAllDebsDocument
DROP PROCEDURE IF EXISTS `GetAllDebsDocument`;
DELIMITER //
CREATE PROCEDURE `GetAllDebsDocument`()
BEGIN
		SELECT DBD.DebsDocumentID,
				 DBD.DocumentName,
				 DBD.Discription,
				 DBD.DocumentURL,
				 DATE_FORMAT( DBD.UpdatedOn, "%d %b, %Y") AS 'Data'
		FROM debsdocument DBD;
END//
DELIMITER ;

-- Dumping structure for procedure rdms_db.GetAllDepartments
DROP PROCEDURE IF EXISTS `GetAllDepartments`;
DELIMITER //
CREATE PROCEDURE `GetAllDepartments`()
BEGIN
		SELECT 	DPT.ShortHand 		AS 'DepartmentID',
					DPT.DepartmentName	AS 'DepartmentName' 
		FROM department DPT;
END//
DELIMITER ;

-- Dumping structure for procedure rdms_db.GetAllRegisteredSchools
DROP PROCEDURE IF EXISTS `GetAllRegisteredSchools`;
DELIMITER //
CREATE PROCEDURE `GetAllRegisteredSchools`()
BEGIN
		SELECT SCH.PublicID																AS  'PublicID',
				 SCH.EMISNO																	AS  'EMISNO',
				 SCH.SchoolName															AS  'SchoolName',
				 IF (SCH.SchoolMotto IS NULL,'None',SCH.SchoolMotto)			AS  'SchoolMotto',
				 CONCAT(ROUND(SCH.Longitude,2),',',ROUND(SCH.Latitude,2)) 	AS  'Corridantes',
				 IF(SCH.IsActive = 1,'Yes','No')										AS  'Active',
				 ADR.PrimaryAddress														AS  'PrimaryAddress',
				 ADR.SecondaryAddress													AS  'SecondaryAddress',
				 CONCAT(DST.DistrictName,'-',PVC.ProvinceName)					AS 'DTPC'
		
		FROM school SCH
		LEFT JOIN address ADR ON SCH.PublicID = ADR.IdentificationID
		LEFT JOIN district DST ON ADR.DistrictID = DST.DistrictID
		LEFT JOIN  province PVC ON PVC.ProvinceID = DST.ProvinceID ; 
END//
DELIMITER ;

-- Dumping structure for procedure rdms_db.GetAllTeachersBySchoolID
DROP PROCEDURE IF EXISTS `GetAllTeachersBySchoolID`;
DELIMITER //
CREATE PROCEDURE `GetAllTeachersBySchoolID`(
	IN `SchoolID` VARCHAR(50)
)
BEGIN
SELECT	TM.PublicUserID																										AS 'PublicUserID',
			CONCAT(UM.FirstName,IF(UM.OtherName IS NULL,' ',CONCAT(' ',UM.OtherName,' ')),UM.LastName)	AS 'Name',
			GM.ShortName																											AS 'Gender',
			UM.ContactNo																											AS 'ContactNo',
			TPM.PositionName																										AS 'PositionName',
			IF(UM.EmailAddress IS NULL, 'None', UM.EmailAddress)														AS 'Email',
			TM.SchoolID																												AS 'SchoolID'	
					 
FROM teachermaster TM
JOIN usermaster UM ON UM.PublicID = TM.PublicUserID
JOIN gendermaster GM ON GM.GenderMasterID = UM.GenderID
JOIN teacherpositionmaster TPM ON TPM.TeacherPositionMasterID = TM.PositionID
JOIN department DPT ON DPT.ShortHand = TM.DepartmentCode
WHERE TM.SchoolID = SchoolID AND TM.IsActive = 1 AND UM.IsActive = 1;
END//
DELIMITER ;

-- Dumping structure for procedure rdms_db.GetCountryCode
DROP PROCEDURE IF EXISTS `GetCountryCode`;
DELIMITER //
CREATE PROCEDURE `GetCountryCode`()
BEGIN
		SELECT   CT.CountryID		AS 'CountryID',
					CT.ConuntryCode 	AS 'ConuntryCode'
		FROM country CT WHERE CT.IsActive=1;
END//
DELIMITER ;

-- Dumping structure for procedure rdms_db.GetDepartmentByCode
DROP PROCEDURE IF EXISTS `GetDepartmentByCode`;
DELIMITER //
CREATE PROCEDURE `GetDepartmentByCode`(
	IN `DEPARTMENTCODE_` CHAR(4)
)
BEGIN
		SET @DEPARTMENTCODE = DEPARTMENTCODE_;

		SELECT 	DP.DepartmentID		AS 'DepartmentID',
					DP.DepartmentName		AS 'DepartmentName',
					DP.ShortHand			AS 'ShortHand'
		FROM department DP
		WHERE DP.ShortHand = @DEPARTMENTCODE;
END//
DELIMITER ;

-- Dumping structure for procedure rdms_db.GetDistrictByProvinceId
DROP PROCEDURE IF EXISTS `GetDistrictByProvinceId`;
DELIMITER //
CREATE PROCEDURE `GetDistrictByProvinceId`(
	IN `Provinceid` INT



)
BEGIN
		SET @ProvinceId = Provinceid;
		SELECT	DST.DistrictID AS districtId,
		 			DST.DistrictName		AS name
		FROM district DST WHERE DST.ProvinceID = @ProvinceId AND DST.IsActive = 1;
END//
DELIMITER ;

-- Dumping structure for procedure rdms_db.GetEmptyResult
DROP PROCEDURE IF EXISTS `GetEmptyResult`;
DELIMITER //
CREATE PROCEDURE `GetEmptyResult`()
BEGIN
			SELECT 1  AS 'Nothing'
						LIMIT 0;
END//
DELIMITER ;

-- Dumping structure for procedure rdms_db.GetGender
DROP PROCEDURE IF EXISTS `GetGender`;
DELIMITER //
CREATE PROCEDURE `GetGender`()
BEGIN
		SELECT 	GM.GenderMasterID AS 'genderId',
					GM.Gender		AS 'gender'
		FROM gendermaster GM;
END//
DELIMITER ;

-- Dumping structure for procedure rdms_db.GetMaritalStatus
DROP PROCEDURE IF EXISTS `GetMaritalStatus`;
DELIMITER //
CREATE PROCEDURE `GetMaritalStatus`()
BEGIN
			SELECT 	MS.MaritalStatusMasterID   	 AS 'MaritalStatusMasterID',
						MS.MaritalStatus			   	AS 'MaritalStatus'
			FROM maritalstatusmaster MS WHERE MS.IsActive = 1;
END//
DELIMITER ;

-- Dumping structure for procedure rdms_db.GetProvinces
DROP PROCEDURE IF EXISTS `GetProvinces`;
DELIMITER //
CREATE PROCEDURE `GetProvinces`()
BEGIN
			SELECT	PV.ProvinceID		AS 'ProvinceID',
						PV.ProvinceName	AS 'ProvinceName'
			FROM province PV;
END//
DELIMITER ;

-- Dumping structure for procedure rdms_db.GetRegisteredSchoolByID
DROP PROCEDURE IF EXISTS `GetRegisteredSchoolByID`;
DELIMITER //
CREATE PROCEDURE `GetRegisteredSchoolByID`(
	IN `PublicID_` VARCHAR(50)
)
BEGIN
SET @NUMBEROFTEACHERS  = (SELECT COUNT(TM.TeacherMasterID) FROM teachermaster TM WHERE TM.SchoolID = PublicID_ AND TM.IsActive = 1 );
SET @TOTALPUPULECOUNT	= (SELECT COUNT(PM.PublicID) FROM pupilmaster PM WHERE PM.SchoolID = PublicID_); 
SELECT SCH.PublicID																		AS  'PublicID',
		 SCH.EMISNO																			AS  'EMISNO',
		 SCH.SchoolName																	AS  'SchoolName',
		 IF (SCH.SchoolMotto IS NULL,'None',SCH.SchoolMotto)					AS  'SchoolMotto',
		  IF (SCH.SchoolDescription IS NULL,'No Description',SCH.SchoolDescription)	AS  'Description',
		 CONCAT(ROUND(SCH.Longitude,2),',',ROUND(SCH.Latitude,2)) 			AS  'Corridantes',
		  IF (SCH.PhoneNo IS NULL,'None',SCH.PhoneNo)							AS  'PhoneNo',
		   IF (SCH.Tel IS NULL,'None',SCH.Tel)										AS  'Tel',
		   IF (SCH.SchoolMotto IS NULL,'None',SCH.SchoolMotto)				AS  'SchoolMotto',
		 IF(SCH.IsActive = 1,'Yes','No')												AS  'Active',
		 ADR.PrimaryAddress																AS  'PrimaryAddress',
		 ADR.SecondaryAddress															AS  'SecondaryAddress',
		 CONCAT(DST.DistrictName,'-',PVC.ProvinceName)							AS 'DTPC',
		 @NUMBEROFTEACHERS																AS 'TeacherNo',
		 @TOTALPUPULECOUNT																AS 'TotalPupils',
		 SCH.Longitude																		AS 'Longitude',
		 SCH.Latitude																		AS 'Latitude'

FROM school SCH
LEFT JOIN address ADR ON SCH.PublicID = ADR.IdentificationID
LEFT JOIN district DST ON ADR.DistrictID = DST.DistrictID
LEFT JOIN  province PVC ON PVC.ProvinceID = DST.ProvinceID
WHERE SCH.PublicID = PublicID_ ; 
END//
DELIMITER ;

-- Dumping structure for procedure rdms_db.GetSchoolIDBYEMISNO
DROP PROCEDURE IF EXISTS `GetSchoolIDBYEMISNO`;
DELIMITER //
CREATE PROCEDURE `GetSchoolIDBYEMISNO`(
	IN `USERNAME` VARCHAR(50)
)
BEGIN
SELECT SCH.PublicID FROM school SCH WHERE SCH.EMISNO = USERNAME;
END//
DELIMITER ;

-- Dumping structure for procedure rdms_db.GetSequence
DROP PROCEDURE IF EXISTS `GetSequence`;
DELIMITER //
CREATE PROCEDURE `GetSequence`(
	IN `SequenceID` INT


)
    COMMENT 'This sp is used to get the defined sequnce'
BEGIN
				DECLARE EXIT HANDLER FOR SQLEXCEPTION
 BEGIN
			     SELECT 0 AS message;
			     ROLLBACK;
 END;
				
				SET @LASTINSERTEDID = (SELECT SM.LastInsertedID FROM sequencemaster SM WHERE SM.SequenceMasterID = SequenceID );
				
				SET @NEWLASTINSETEDID  = (( SELECT SM.LastInsertedID FROM sequencemaster SM WHERE SM.SequenceMasterID = SequenceID)+1 );
				
				SET @SEQUNCECODE = (SELECT SM.SequnceCode FROM sequencemaster SM WHERE SM.SequenceMasterID = SequenceID);
				
				SET @SEQUNCE  = ( CONCAT(@SEQUNCECODE,"000000000",@NEWLASTINSETEDID) );
				
				UPDATE sequencemaster SET `LastInsertedID` = @NEWLASTINSETEDID WHERE SequenceMasterID = SequenceID;
				
				SELECT @SEQUNCE	AS 'SequnceNumber';
END//
DELIMITER ;

-- Dumping structure for procedure rdms_db.GetTeacherDetailsByID
DROP PROCEDURE IF EXISTS `GetTeacherDetailsByID`;
DELIMITER //
CREATE PROCEDURE `GetTeacherDetailsByID`(
	IN `SchoolID_` VARCHAR(50),
	IN `PublicUserID_` VARCHAR(50)
)
BEGIN
		SELECT	TM.PublicUserID																										AS 'PublicUserID',
					CONCAT(UM.FirstName,IF(UM.OtherName IS NULL,' ',CONCAT(' ',UM.OtherName,' ')),UM.LastName)	AS 'Name',
					GM.Gender																											AS 'Gender',
					UM.ContactNo																											AS 'ContactNo',
					TPM.PositionName																										AS 'PositionName',
					IF(UM.EmailAddress IS NULL, 'None', UM.EmailAddress)														AS 'Email',
					TIMESTAMPDIFF(YEAR, DATE(UM.UpdatedOn), CURDATE()) 														AS 'WrokedYears',
					ADR.PrimaryAddress																									AS  'PrimaryAddress',
				 ADR.SecondaryAddress																									AS  'SecondaryAddress',
				 CONCAT(DST.DistrictName,'-',PVC.ProvinceName)																	AS 'DTPC',
				 DPT.DepartmentName																										AS 'DepartmentName',
				DATE_FORMAT(DATE(UM.DOB), "%d %b, %Y") 																			AS 'DOB',
				MR.MaritalStatus																											AS 'MaritalStatus'
				 
							 
		FROM teachermaster TM
		JOIN usermaster UM ON UM.PublicID = TM.PublicUserID
		JOIN gendermaster GM ON GM.GenderMasterID = UM.GenderID
		LEFT JOIN maritalstatusmaster MR ON MR.MaritalStatusMasterID = UM.MaritalStatusID
		JOIN teacherpositionmaster TPM ON TPM.TeacherPositionMasterID = TM.PositionID
		JOIN department DPT ON DPT.ShortHand = TM.DepartmentCode
		LEFT JOIN address ADR ON UM.PublicID = ADR.IdentificationID
		LEFT JOIN district DST ON ADR.DistrictID = DST.DistrictID
		LEFT JOIN  province PVC ON PVC.ProvinceID = DST.ProvinceID 
		WHERE TM.SchoolID = SchoolID_ AND TM.PublicUserID = PublicUserID_ AND TM.IsActive = 1 AND UM.IsActive = 1;
END//
DELIMITER ;

-- Dumping structure for procedure rdms_db.GetTeacherDocumentDetailsByID
DROP PROCEDURE IF EXISTS `GetTeacherDocumentDetailsByID`;
DELIMITER //
CREATE PROCEDURE `GetTeacherDocumentDetailsByID`(
	IN `TeacherMasterID_` VARCHAR(50)
)
BEGIN
		SELECT   TDD.TeacherMasterID							AS 'TeacherMasterID',
					TDD.TeacherDetailsPublicID					AS 'TeacherDetailsPublicID',
					TDD.DocumentName								AS 'DocumentName',
					TDD.Discription								AS 'Discription',
					TDD.Document									AS 'Document',
					DATE_FORMAT(TDD.UpdatedOn, "%b, %Y")	AS 'UpdatedDate'
		FROM teacherdocumentdeatails TDD	WHERE TDD.TeacherMasterID=TeacherMasterID_;
END//
DELIMITER ;

-- Dumping structure for procedure rdms_db.GetTeacherPositions
DROP PROCEDURE IF EXISTS `GetTeacherPositions`;
DELIMITER //
CREATE PROCEDURE `GetTeacherPositions`()
    COMMENT 'The GetTeacherPositions is used to get the defined teacher positions'
BEGIN
		SELECT	TPM.TeacherPositionMasterID AS 'TeacherPositionMasterID',
					TPM.PositionName				AS 'PositionName',
				 	TPM.PositionDescription		AS 'PositionDescription',
				 	TPM.IsActive					AS 'IsActive'
		FROM teacherpositionmaster TPM;
END//
DELIMITER ;

-- Dumping structure for procedure rdms_db.GetUserByUsername
DROP PROCEDURE IF EXISTS `GetUserByUsername`;
DELIMITER //
CREATE PROCEDURE `GetUserByUsername`(
	IN `username` VARCHAR(50)
)
    COMMENT 'This sp gets the user details by user name'
BEGIN
		SELECT UM.PublicID		AS 'PublicID',
				 UM.UserName		AS 'UserName',
				 UM.Password		AS 'Password',
				 UM.UserTypeID		AS 'UserTypeID',
				 UM.IsActive  		AS 'IsActive',
				 IF(UM.EmailAddress IS NULL , Null, UM.EmailAddress)	AS 'EmailAddress',
				 CONCAT(UM.FirstName," ",IF(UM.OtherName IS NULL, '', UM.OtherName)," ",UM.LastName)	AS 'Name',
				 TM.PositionID		AS 'PositionID',
				 DP.ShortHand		AS 'ShortHand',
				 SCH.PublicID		AS 'SchoolPublicID'
		FROM usermaster UM
		JOIN usertypemaster UTM ON UTM.UserTypeMasterID = UM.UserTypeID
		LEFT JOIN teachermaster TM ON TM.PublicUserID = UM.PublicID
		LEFT JOIN department DP ON DP.ShortHand = TM.DepartmentCode
		LEFT JOIN school SCH ON TM.SchoolID = SCH.PublicID
	
	
		WHERE UM.UserName = username ;

END//
DELIMITER ;

-- Dumping structure for procedure rdms_db.GetUserDetailsByID
DROP PROCEDURE IF EXISTS `GetUserDetailsByID`;
DELIMITER //
CREATE PROCEDURE `GetUserDetailsByID`(
	IN `UserID_` VARCHAR(50)

)
BEGIN
				SELECT   UM.PublicID												AS 'PublicID',
							UM.FirstName											AS 'FirstName',
							IF(UM.OtherName IS NULL, '',UM.OtherName)		AS	'OtherName',
							UM.LastName												AS 'LastName', 
							IF(UM.NRC IS NULL, 'None', UM.NRC)				AS 'NRC',
							TPM.PositionName										AS 'PositionName',
							DP.DepartmentName										AS 'DepartmentName',
							GM.Gender												AS	'Gender',
							IF(UM.Passport IS NULL,'None',UM.Passport)	AS 'Passport',
							UM.ContactNo											AS 'ContactNo',
							UM.EmailAddress										AS 'EmailAddress',
							UM.UserMasterID										AS 'UserMasterID'
								
				FROM usermaster UM
				LEFT JOIN teachermaster TM ON TM.PublicUserID = UM.PublicID 
				LEFT JOIN department DP ON DP.ShortHand = TM.DepartmentCode
				LEFT JOIN gendermaster GM ON GM.GenderMasterID = UM.GenderID
				LEFT JOIN teacherpositionmaster TPM ON TPM.TeacherPositionMasterID = TM.PositionID
				WHERE UM.PublicID = UserID_;
END//
DELIMITER ;

-- Dumping structure for procedure rdms_db.GetUserDetailsByPublicID
DROP PROCEDURE IF EXISTS `GetUserDetailsByPublicID`;
DELIMITER //
CREATE PROCEDURE `GetUserDetailsByPublicID`(
	IN `PublicID` VARCHAR(50)
)
BEGIN
			SET @PublicID = PublicID;
			SELECT	UM.PublicID 														AS 'PublicID',
						IF(UM.NRC IS NULL, 'None',UM.NRC)							AS 'NRC',
						IF(UM.Passport IS NULL, 'None',UM.Passport)				AS 'Passport',
						UM.UserName															AS 'UserName',
						UM.FirstName														AS 'FirstName',
						IF(UM.OtherName IS NULL, 'None',UM.OtherName)		   AS 'OtherName',
						IF(UM.EmailAddress IS NULL, 'None',UM.EmailAddress)	AS 'EmailAddress',	
						UM.ContactNo														AS 'ContactNo',
						GM.Gender															AS 'Gender',
						MRS.MaritalStatus													AS 'MaritalStatus',
						UM.DOB																AS 'DOB',
						TPM.PositionName													AS 'PositionName',
						TM.StartDate														AS 'StartDate',
						TM.IsOnLeave														AS 'IsOnLeave'
					  
			FROM usermaster UM 
			JOIN teachermaster TM ON TM.PublicID = UM.PublicID
			JOIN address AD ON AD.IdentificationID = TM.PublicID
			JOIN gendermaster GM ON GM.GenderMasterID = UM.GenderID
			JOIN maritalstatusmaster MRS ON MRS.MaritalStatusMasterID = UM.MaritalStatusID
			JOIN teacherpositionmaster TPM ON TPM.TeacherPositionMasterID = TM.PositionID  WHERE GM.IsActive = 1 AND TPM.IsActive = 1 AND  UM.IsActive = 1 AND UM.PublicID =  @PublicID ; 

END//
DELIMITER ;

-- Dumping structure for function rdms_db.GetLastInsertedPublicID
DROP FUNCTION IF EXISTS `GetLastInsertedPublicID`;
DELIMITER //
CREATE FUNCTION `GetLastInsertedPublicID`(`UserType_` INT
) RETURNS varchar(50) CHARSET utf8mb4
    DETERMINISTIC
    COMMENT 'This Function is used to get a sequnce based on the defined sequnces'
BEGIN
   
 			DECLARE LASTINSERTEDID VARCHAR(50);
		
		
    SELECT UM.PublicID INTO LASTINSERTEDID FROM usermaster UM WHERE UM.UserMasterID = (SELECT MAX(USM.UserMasterID) FROM usermaster USM WHERE USM.UserTypeID = UserType_);
        
			
		
				
			-- return the Sequence
			RETURN LASTINSERTEDID ;
				
			
			
    
   
END//
DELIMITER ;

-- Dumping structure for function rdms_db.GetSequence
DROP FUNCTION IF EXISTS `GetSequence`;
DELIMITER //
CREATE FUNCTION `GetSequence`(`SequenceID` INT


) RETURNS varchar(50) CHARSET utf8mb4
    DETERMINISTIC
    COMMENT 'This Function is used to get a sequnce based on the defined sequnces'
BEGIN
   
 			DECLARE LASTINSERTEDID VARCHAR(50);
			DECLARE NEWLASTINSETEDID VARCHAR(50);
			DECLARE SEQUNCECODE CHAR(4);
		
    
         SELECT SM.LastInsertedID INTO LASTINSERTEDID FROM sequencemaster SM WHERE SM.SequenceMasterID = SequenceID;
			
			SELECT SM.LastInsertedID+1 INTO NEWLASTINSETEDID FROM sequencemaster SM  WHERE SM.SequenceMasterID = SequenceID;
				
			SELECT SM.SequnceCode INTO  SEQUNCECODE FROM sequencemaster SM  WHERE SM.SequenceMasterID = SequenceID;
				
			UPDATE sequencemaster SET `LastInsertedID` = NEWLASTINSETEDID WHERE SequenceMasterID = SequenceID;
				
			-- return the Sequence
			RETURN CONCAT(SEQUNCECODE,"000000000",NEWLASTINSETEDID) ;
				
			
			
    
   
END//
DELIMITER ;

/*!40103 SET TIME_ZONE=IFNULL(@OLD_TIME_ZONE, 'system') */;
/*!40101 SET SQL_MODE=IFNULL(@OLD_SQL_MODE, '') */;
/*!40014 SET FOREIGN_KEY_CHECKS=IFNULL(@OLD_FOREIGN_KEY_CHECKS, 1) */;
/*!40101 SET CHARACTER_SET_CLIENT=@OLD_CHARACTER_SET_CLIENT */;
/*!40111 SET SQL_NOTES=IFNULL(@OLD_SQL_NOTES, 1) */;
